-- phpMyAdmin SQL Dump
-- version 3.5.3
-- http://www.phpmyadmin.net
--
-- 主机: localhost
-- 生成日期: 2013 年 09 月 24 日 13:10
-- 服务器版本: 5.5.22
-- PHP 版本: 5.2.17

SET SQL_MODE="NO_AUTO_VALUE_ON_ZERO";
SET time_zone = "+00:00";


/*!40101 SET @OLD_CHARACTER_SET_CLIENT=@@CHARACTER_SET_CLIENT */;
/*!40101 SET @OLD_CHARACTER_SET_RESULTS=@@CHARACTER_SET_RESULTS */;
/*!40101 SET @OLD_COLLATION_CONNECTION=@@COLLATION_CONNECTION */;
/*!40101 SET NAMES utf8 */;

--
-- 数据库: `gw_library`
--

-- --------------------------------------------------------

--
-- 表的结构 `gw_history`
--

CREATE TABLE IF NOT EXISTS `gw_history` (
  `id` int(11) NOT NULL AUTO_INCREMENT,
  `studentNumber` char(20) COLLATE utf8_unicode_ci NOT NULL COMMENT '学号',
  `schoolId` int(11) NOT NULL,
  `title` varchar(200) COLLATE utf8_unicode_ci NOT NULL COMMENT '书名',
  `author` varchar(200) COLLATE utf8_unicode_ci NOT NULL COMMENT '作者',
  `url` varchar(200) COLLATE utf8_unicode_ci NOT NULL COMMENT '对应书的链接',
  `publishYear` year(4) NOT NULL COMMENT '出版年',
  `limitTime` char(20) COLLATE utf8_unicode_ci NOT NULL COMMENT '应该归还日期',
  `returnTime` char(20) COLLATE utf8_unicode_ci NOT NULL COMMENT '实际归还的日期',
  `payment` char(10) COLLATE utf8_unicode_ci NOT NULL COMMENT '欠了多收钱',
  `location` varchar(100) COLLATE utf8_unicode_ci NOT NULL COMMENT '位于哪个分馆',
  PRIMARY KEY (`id`)
) ENGINE=InnoDB  DEFAULT CHARSET=utf8 COLLATE=utf8_unicode_ci AUTO_INCREMENT=49210 ;

--
-- 转存表中的数据 `gw_history`
--

INSERT INTO `gw_history` (`id`, `studentNumber`, `schoolId`, `title`, `author`, `url`, `publishYear`, `limitTime`, `returnTime`, `payment`, `location`) VALUES
(321, '20111003632', 0, '深入PHP', '赞德斯彻', 'http://opac.gdufs.edu.cn:8991/F/BNMJ1N5PSUKT7UFPIHAQ8L8FGB65DH8XPIJXCSV323R8HC3YG8-48979?func=direct&doc_number=000412473&format=999&local_base=GWD01', 2010, '20130104 22:00', '20130106 17:39', '', '南校区中文书外借分馆'),
(322, '20111003632', 0, 'JavaScript实例自学手册', '吴雪', 'http://opac.gdufs.edu.cn:8991/F/BNMJ1N5PSUKT7UFPIHAQ8L8FGB65DH8XPIJXCSV323R8HC3YG8-48982?func=direct&doc_number=000283030&format=999&local_base=GWD01', 2008, '20130104 22:00', '20130106 17:39', '', '南校区中文书外借分馆'),
(323, '20111003632', 0, 'C++程序设计与应用', '周仲宁', 'http://opac.gdufs.edu.cn:8991/F/BNMJ1N5PSUKT7UFPIHAQ8L8FGB65DH8XPIJXCSV323R8HC3YG8-48985?func=direct&doc_number=000361895&format=999&local_base=GWD01', 2009, '20121203 22:00', '20121203 15:01', '', '南校区中文书外借分馆'),
(324, '20111003632', 0, '正则表达式必知必会', '福尔塔', 'http://opac.gdufs.edu.cn:8991/F/BNMJ1N5PSUKT7UFPIHAQ8L8FGB65DH8XPIJXCSV323R8HC3YG8-48988?func=direct&doc_number=000289121&format=999&local_base=GWD01', 2007, '20121104 22:00', '20121105 19:14', '0.10', '南校区中文书外借分馆'),
(325, '20111003632', 0, '深入PHP', '赞德斯彻', 'http://opac.gdufs.edu.cn:8991/F/BNMJ1N5PSUKT7UFPIHAQ8L8FGB65DH8XPIJXCSV323R8HC3YG8-48991?func=direct&doc_number=000412473&format=999&local_base=GWD01', 2010, '20121104 22:00', '20121105 19:14', '0.10', '南校区中文书外借分馆'),
(326, '20111003632', 0, 'PHP设计模式', '萨莱', 'http://opac.gdufs.edu.cn:8991/F/BNMJ1N5PSUKT7UFPIHAQ8L8FGB65DH8XPIJXCSV323R8HC3YG8-48994?func=direct&doc_number=000408695&format=999&local_base=GWD01', 2010, '20120917 22:00', '20120918 09:47', '0.10', '南校区中文书外借分馆'),
(327, '20111003632', 0, 'PHP深度分析', '沙菲克', 'http://opac.gdufs.edu.cn:8991/F/BNMJ1N5PSUKT7UFPIHAQ8L8FGB65DH8XPIJXCSV323R8HC3YG8-48997?func=direct&doc_number=000432649&format=999&local_base=GWD01', 2010, '20120917 22:00', '20120918 09:47', '0.10', '南校区中文书外借分馆'),
(328, '20111003632', 0, 'PHP Web 2.0开发实战', '泽瓦斯', 'http://opac.gdufs.edu.cn:8991/F/BNMJ1N5PSUKT7UFPIHAQ8L8FGB65DH8XPIJXCSV323R8HC3YG8-49000?func=direct&doc_number=000355807&format=999&local_base=GWD01', 2008, '20120917 22:00', '20120918 09:47', '0.10', '南校区中文书外借分馆'),
(329, '20111003632', 0, 'JavaScript精彩网页特效实例精粹', '张涛', 'http://opac.gdufs.edu.cn:8991/F/BNMJ1N5PSUKT7UFPIHAQ8L8FGB65DH8XPIJXCSV323R8HC3YG8-49003?func=direct&doc_number=000276011&format=999&local_base=GWD01', 2007, '20120426 22:00', '20120424 19:40', '', '南校区中文书外借分馆'),
(330, '20111003632', 0, 'PHP+Ajax Web 2.0编程技术与项目开发大全', '叶新伟', 'http://opac.gdufs.edu.cn:8991/F/BNMJ1N5PSUKT7UFPIHAQ8L8FGB65DH8XPIJXCSV323R8HC3YG8-49006?func=direct&doc_number=000304626&format=999&local_base=GWD01', 2008, '20120426 22:00', '20120424 19:40', '', '南校区中文书外借分馆'),
(331, '20111003632', 0, 'JavaScript网页特效范例宝典', '明日科技', 'http://opac.gdufs.edu.cn:8991/F/BNMJ1N5PSUKT7UFPIHAQ8L8FGB65DH8XPIJXCSV323R8HC3YG8-49009?func=direct&doc_number=000275777&format=999&local_base=GWD01', 2007, '20120422 22:00', '20120424 19:40', '0.20', '南校区中文书外借分馆'),
(332, '20111003632', 0, '电子技术基础', '康华光,', 'http://opac.gdufs.edu.cn:8991/F/BNMJ1N5PSUKT7UFPIHAQ8L8FGB65DH8XPIJXCSV323R8HC3YG8-49012?func=direct&doc_number=000115316&format=999&local_base=GWD01', 1999, '20120327 22:00', '20120401 09:52', '0.50', '南校区中文书外借分馆'),
(333, '20111003632', 0, '电子电路基础', '刘宝玲', 'http://opac.gdufs.edu.cn:8991/F/BNMJ1N5PSUKT7UFPIHAQ8L8FGB65DH8XPIJXCSV323R8HC3YG8-49015?func=direct&doc_number=000275528&format=999&local_base=GWD01', 2006, '20120327 22:00', '20120401 09:52', '0.50', '南校区中文书外借分馆'),
(334, '20111003632', 0, 'PHP Web 2.0开发实战', '泽瓦斯', 'http://opac.gdufs.edu.cn:8991/F/BNMJ1N5PSUKT7UFPIHAQ8L8FGB65DH8XPIJXCSV323R8HC3YG8-49018?func=direct&doc_number=000355807&format=999&local_base=GWD01', 2008, '20120312 22:00', '20120308 18:30', '', '南校区中文书外借分馆'),
(335, '20111003632', 0, '精通SQL', '高守传', 'http://opac.gdufs.edu.cn:8991/F/BNMJ1N5PSUKT7UFPIHAQ8L8FGB65DH8XPIJXCSV323R8HC3YG8-49021?func=direct&doc_number=000276254&format=999&local_base=GWD01', 2007, '20120312 22:00', '20120308 18:30', '', '南校区中文书外借分馆'),
(336, '20111003632', 0, '数据结构课程设计案例精编', '李建学', 'http://opac.gdufs.edu.cn:8991/F/BNMJ1N5PSUKT7UFPIHAQ8L8FGB65DH8XPIJXCSV323R8HC3YG8-49024?func=direct&doc_number=000311230&format=999&local_base=GWD01', 2007, '20120312 22:00', '20120308 18:30', '', '南校区中文书外借分馆'),
(337, '20111003632', 0, '对联入门', '谷向阳,', 'http://opac.gdufs.edu.cn:8991/F/BNMJ1N5PSUKT7UFPIHAQ8L8FGB65DH8XPIJXCSV323R8HC3YG8-49027?func=direct&doc_number=000262728&format=999&local_base=GWD01', 2007, '20120312 22:00', '20120308 18:30', '', '南校区中文书外借分馆'),
(338, '20111003632', 0, '出现频率最高的100种典型题型精解精练', '余雪勇', 'http://opac.gdufs.edu.cn:8991/F/BNMJ1N5PSUKT7UFPIHAQ8L8FGB65DH8XPIJXCSV323R8HC3YG8-49030?func=direct&doc_number=000305472&format=999&local_base=GWD01', 2008, '20111028 22:00', '20111026 09:40', '', '南校区中文书外借分馆'),
(339, '20111003632', 0, 'C++习题与解答', '李代平', 'http://opac.gdufs.edu.cn:8991/F/BNMJ1N5PSUKT7UFPIHAQ8L8FGB65DH8XPIJXCSV323R8HC3YG8-49033?func=direct&doc_number=000332982&format=999&local_base=GWD01', 2003, '20111028 22:00', '20111026 09:40', '', '南校区中文书外借分馆'),
(340, '20111003632', 0, 'C++程序设计教程实验指导及习题解答', '刘慧宁', 'http://opac.gdufs.edu.cn:8991/F/BNMJ1N5PSUKT7UFPIHAQ8L8FGB65DH8XPIJXCSV323R8HC3YG8-49036?func=direct&doc_number=000361894&format=999&local_base=GWD01', 2009, '20111027 22:00', '20111026 09:40', '', '南校区中文书外借分馆'),
(1096, '20101003852', 1, '数据结构基础', '霍罗威茨', 'http://opac.gdufs.edu.cn:8991/F/GU4M545YXLDHA1E2SJJB3YSEFMCRXCB8V8I52D7T5DAE2SHC5E-12726?func=direct&doc_number=000356187&format=999&local_base=GWD01', 2009, '20120511 22:00', '20120515 17:01', '0.40', '南校区中文书外借分馆'),
(1097, '20101003852', 1, 'C++数据结构与程序设计', '克鲁泽,', 'http://opac.gdufs.edu.cn:8991/F/GU4M545YXLDHA1E2SJJB3YSEFMCRXCB8V8I52D7T5DAE2SHC5E-12729?func=direct&doc_number=000332948&format=999&local_base=GWD01', 2004, '20120511 22:00', '20120515 17:01', '0.40', '南校区中文书外借分馆'),
(1098, '20101003852', 1, '数据挖掘实用机器学习技术', '威滕,', 'http://opac.gdufs.edu.cn:8991/F/GU4M545YXLDHA1E2SJJB3YSEFMCRXCB8V8I52D7T5DAE2SHC5E-12732?func=direct&doc_number=000246220&format=999&local_base=GWD01', 2006, '20120509 22:00', '20120515 17:01', '0.60', '南校区中文书外借分馆'),
(1099, '20101003852', 1, '数据挖掘基础教程', '索曼', 'http://opac.gdufs.edu.cn:8991/F/GU4M545YXLDHA1E2SJJB3YSEFMCRXCB8V8I52D7T5DAE2SHC5E-12735?func=direct&doc_number=000355892&format=999&local_base=GWD01', 2009, '20120509 22:00', '20120515 17:01', '0.60', '南校区中文书外借分馆'),
(1100, '20101003852', 1, '数据挖掘导论', '陈封能', 'http://opac.gdufs.edu.cn:8991/F/GU4M545YXLDHA1E2SJJB3YSEFMCRXCB8V8I52D7T5DAE2SHC5E-12738?func=direct&doc_number=000420943&format=999&local_base=GWD01', 2011, '20120509 22:00', '20120515 17:01', '0.60', '南校区中文书外借分馆'),
(1101, '20101003852', 1, '数据结构基础', '霍罗威茨', 'http://opac.gdufs.edu.cn:8991/F/GU4M545YXLDHA1E2SJJB3YSEFMCRXCB8V8I52D7T5DAE2SHC5E-12741?func=direct&doc_number=000356187&format=999&local_base=GWD01', 2009, '20120312 22:00', '20120308 15:48', '', '南校区中文书外借分馆'),
(1102, '20101003852', 1, '实用英语作文精选', '张震久', 'http://opac.gdufs.edu.cn:8991/F/GU4M545YXLDHA1E2SJJB3YSEFMCRXCB8V8I52D7T5DAE2SHC5E-12744?func=direct&doc_number=000416486&format=999&local_base=GWD01', 2010, '20111125 22:00', '20111124 15:11', '', '南校区英文书外借分馆'),
(1103, '20101003852', 1, '弗吉尼亚·伍尔夫', '韦伯', 'http://opac.gdufs.edu.cn:8991/F/GU4M545YXLDHA1E2SJJB3YSEFMCRXCB8V8I52D7T5DAE2SHC5E-12747?func=direct&doc_number=000365320&format=999&local_base=GWD01', 2009, '20111125 22:00', '20111114 08:30', '', '南校区英文书外借分馆'),
(1104, '20101003852', 1, 'ASP.NET 2.0数据库入门经典', '考夫曼,', 'http://opac.gdufs.edu.cn:8991/F/GU4M545YXLDHA1E2SJJB3YSEFMCRXCB8V8I52D7T5DAE2SHC5E-12750?func=direct&doc_number=000295569&format=999&local_base=GWD01', 2007, '20110915 22:00', '20110914 20:16', '', '南校区中文书外借分馆'),
(1105, '20101003852', 1, 'ASP.NET 2.0经典教程', '哈特', 'http://opac.gdufs.edu.cn:8991/F/GU4M545YXLDHA1E2SJJB3YSEFMCRXCB8V8I52D7T5DAE2SHC5E-12753?func=direct&doc_number=000275915&format=999&local_base=GWD01', 2007, '20110915 22:00', '20110914 20:16', '', '南校区中文书外借分馆'),
(1106, '20101003852', 1, 'HTML+CSS+JavaScript实用详解', '叶青', 'http://opac.gdufs.edu.cn:8991/F/GU4M545YXLDHA1E2SJJB3YSEFMCRXCB8V8I52D7T5DAE2SHC5E-12756?func=direct&doc_number=000301331&format=999&local_base=GWD01', 2008, '20110313 22:00', '20110314 15:42', '0.10', '南校区中文书外借分馆'),
(1515, '20111003426', 1, 'SQL Server 2005数据库系统开发案例精选', '杨湖', 'http://opac.gdufs.edu.cn:8991/F/KGTP32V4V1VMAUVSY7B8JNP9YFFJM3EN64HV68PRHUPJ97T3H9-57223?func=direct&doc_number=000276249&format=999&local_base=GWD01', 2007, '20120917 22:00', '20120703 09:02', '', '南校区中文书外借分馆'),
(1516, '20111003426', 1, '图论及其应用', '徐俊明', 'http://opac.gdufs.edu.cn:8991/F/KGTP32V4V1VMAUVSY7B8JNP9YFFJM3EN64HV68PRHUPJ97T3H9-57226?func=direct&doc_number=000103394&format=999&local_base=GWD01', 2004, '20120623 22:00', '20120621 19:24', '', '南校区中文书外借分馆'),
(1517, '20111003426', 1, '爱的艺术', '弗洛姆', 'http://opac.gdufs.edu.cn:8991/F/KGTP32V4V1VMAUVSY7B8JNP9YFFJM3EN64HV68PRHUPJ97T3H9-57229?func=direct&doc_number=000225675&format=999&local_base=GWD01', 2006, '20120613 22:00', '20120528 16:09', '', '南校区中文书外借分馆'),
(1518, '20111003426', 1, 'CSS+XHTML+JavaScript完全学习手册', '梁胜民', 'http://opac.gdufs.edu.cn:8991/F/KGTP32V4V1VMAUVSY7B8JNP9YFFJM3EN64HV68PRHUPJ97T3H9-57232?func=direct&doc_number=000305390&format=999&local_base=GWD01', 2008, '20120611 22:00', '20120528 16:09', '', '南校区中文书外借分馆'),
(1519, '20111003426', 1, '重建社会', '孙立平', 'http://opac.gdufs.edu.cn:8991/F/KGTP32V4V1VMAUVSY7B8JNP9YFFJM3EN64HV68PRHUPJ97T3H9-57235?func=direct&doc_number=000369856&format=999&local_base=GWD01', 2009, '20120423 22:00', '20120416 16:02', '', '南校区中文书外借分馆'),
(1520, '20111003426', 1, '初等数论', '乐茂华,', 'http://opac.gdufs.edu.cn:8991/F/KGTP32V4V1VMAUVSY7B8JNP9YFFJM3EN64HV68PRHUPJ97T3H9-57238?func=direct&doc_number=000109119&format=999&local_base=GWD01', 2002, '20120419 22:00', '20120416 16:02', '', '南校区中文书外借分馆'),
(1521, '20111003426', 1, '组合数学', '马光思', 'http://opac.gdufs.edu.cn:8991/F/KGTP32V4V1VMAUVSY7B8JNP9YFFJM3EN64HV68PRHUPJ97T3H9-57241?func=direct&doc_number=000105753&format=999&local_base=GWD01', 2002, '20120419 22:00', '20120416 16:02', '', '南校区中文书外借分馆'),
(1522, '20111003426', 1, '日本精彩推理小说选', '李重民', 'http://opac.gdufs.edu.cn:8991/F/KGTP32V4V1VMAUVSY7B8JNP9YFFJM3EN64HV68PRHUPJ97T3H9-57244?func=direct&doc_number=000373029&format=999&local_base=GWD01', 2009, '20111207 22:00', '20111130 15:41', '', '南校区中文书外借分馆'),
(1523, '20111003426', 1, '麦琪的礼物', '欧·亨利', 'http://opac.gdufs.edu.cn:8991/F/KGTP32V4V1VMAUVSY7B8JNP9YFFJM3EN64HV68PRHUPJ97T3H9-57247?func=direct&doc_number=000382686&format=999&local_base=GWD01', 2010, '20111130 22:00', '20111130 15:41', '', '南校区英文书外借分馆'),
(1524, '20111003426', 1, 'PHP5+MySQL网站开发基础与应用', '翁烨晖', 'http://opac.gdufs.edu.cn:8991/F/KGTP32V4V1VMAUVSY7B8JNP9YFFJM3EN64HV68PRHUPJ97T3H9-57250?func=direct&doc_number=000356036&format=999&local_base=GWD01', 2008, '20111114 22:00', '20111114 16:40', '', '南校区中文书外借分馆'),
(1525, '20111003426', 1, '数论概论', '西尔弗曼', 'http://opac.gdufs.edu.cn:8991/F/KGTP32V4V1VMAUVSY7B8JNP9YFFJM3EN64HV68PRHUPJ97T3H9-57253?func=direct&doc_number=000355827&format=999&local_base=GWD01', 2008, '20111030 22:00', '20111028 18:25', '', '南校区中文书外借分馆'),
(1692, '20111003623', 1, 'PHP项目开发案例全程实录', '刘中华', 'http://opac.gdufs.edu.cn:8991/F/U7HQIAXERUGKMKSVQVVBU87799JU1KGF7IX83RNLD7AG3FQU49-59351?func=direct&doc_number=000420891&format=999&local_base=GWD01', 2011, '20130917 22:00', '20130905 09:55', '', '南校区中文书外借分馆'),
(1693, '20111003623', 1, 'JavaScript精彩网页特效实例精粹', '张涛', 'http://opac.gdufs.edu.cn:8991/F/U7HQIAXERUGKMKSVQVVBU87799JU1KGF7IX83RNLD7AG3FQU49-59354?func=direct&doc_number=000276011&format=999&local_base=GWD01', 2007, '20130917 22:00', '20130905 09:56', '', '南校区中文书外借分馆'),
(1694, '20111003623', 1, 'PHP+MySQL经典案例剖析', '陈军', 'http://opac.gdufs.edu.cn:8991/F/U7HQIAXERUGKMKSVQVVBU87799JU1KGF7IX83RNLD7AG3FQU49-59357?func=direct&doc_number=000284231&format=999&local_base=GWD01', 2008, '20130603 22:00', '20130531 15:33', '', '南校区中文书外借分馆'),
(1695, '20111003623', 1, '数据库系统概论', '萨师煊', 'http://opac.gdufs.edu.cn:8991/F/U7HQIAXERUGKMKSVQVVBU87799JU1KGF7IX83RNLD7AG3FQU49-59360?func=direct&doc_number=000079448&format=999&local_base=GWD01', 2000, '20130422 22:00', '20130422 15:32', '', '南校区中文书外借分馆'),
(1696, '20111003623', 1, 'PHP+MySQL+Dreamweaver 8动态网站开发从基础到实践', '赵增敏', 'http://opac.gdufs.edu.cn:8991/F/U7HQIAXERUGKMKSVQVVBU87799JU1KGF7IX83RNLD7AG3FQU49-59363?func=direct&doc_number=000283056&format=999&local_base=GWD01', 2007, '20130422 22:00', '20130422 15:32', '', '南校区中文书外借分馆'),
(1697, '20111003623', 1, '从零开始学JavaScript', '周瑞', 'http://opac.gdufs.edu.cn:8991/F/U7HQIAXERUGKMKSVQVVBU87799JU1KGF7IX83RNLD7AG3FQU49-59366?func=direct&doc_number=000426599&format=999&local_base=GWD01', 2011, '20130310 22:00', '20130308 17:06', '', '南校区中文书外借分馆'),
(1698, '20111003623', 1, '危险心灵', '侯文咏', 'http://opac.gdufs.edu.cn:8991/F/U7HQIAXERUGKMKSVQVVBU87799JU1KGF7IX83RNLD7AG3FQU49-59369?func=direct&doc_number=000251944&format=999&local_base=GWD01', 2006, '20130310 22:00', '20130308 17:06', '', '南校区中文书外借分馆'),
(1699, '20111003623', 1, 'PHP Web开发快速入门及实例精选', '陆昌辉', 'http://opac.gdufs.edu.cn:8991/F/U7HQIAXERUGKMKSVQVVBU87799JU1KGF7IX83RNLD7AG3FQU49-59372?func=direct&doc_number=000304619&format=999&local_base=GWD01', 2008, '20121217 22:00', '20121217 09:58', '', '南校区中文书外借分馆'),
(1700, '20111003623', 1, 'HTML与CSS网站设计实践之旅', '劳埃德', 'http://opac.gdufs.edu.cn:8991/F/U7HQIAXERUGKMKSVQVVBU87799JU1KGF7IX83RNLD7AG3FQU49-59375?func=direct&doc_number=000355645&format=999&local_base=GWD01', 2008, '20120406 22:00', '20120409 19:50', '0.30', '南校区中文书外借分馆'),
(1701, '20111003623', 1, '电路与电子简明教程', '王槐斌', 'http://opac.gdufs.edu.cn:8991/F/U7HQIAXERUGKMKSVQVVBU87799JU1KGF7IX83RNLD7AG3FQU49-59378?func=direct&doc_number=000359433&format=999&local_base=GWD01', 2006, '20120327 22:00', '20120308 18:30', '', '南校区中文书外借分馆'),
(1702, '20111003623', 1, '逻辑与思维方式', '邵强进,', 'http://opac.gdufs.edu.cn:8991/F/U7HQIAXERUGKMKSVQVVBU87799JU1KGF7IX83RNLD7AG3FQU49-59381?func=direct&doc_number=000386919&format=999&local_base=GWD01', 2009, '20120312 22:00', '20120308 18:30', '', '南校区中文书外借分馆'),
(1703, '20111003623', 1, '数据结构基础', '霍罗威茨', 'http://opac.gdufs.edu.cn:8991/F/U7HQIAXERUGKMKSVQVVBU87799JU1KGF7IX83RNLD7AG3FQU49-59384?func=direct&doc_number=000356187&format=999&local_base=GWD01', 2009, '20120312 22:00', '20120308 18:30', '', '南校区中文书外借分馆'),
(1704, '20111003623', 1, 'PHP Web开发快速入门及实例精选', '陆昌辉', 'http://opac.gdufs.edu.cn:8991/F/U7HQIAXERUGKMKSVQVVBU87799JU1KGF7IX83RNLD7AG3FQU49-59387?func=direct&doc_number=000304619&format=999&local_base=GWD01', 2008, '20120312 22:00', '20120308 18:30', '', '南校区中文书外借分馆'),
(1705, '20111003623', 1, '21天学通Java', '庞永庆', 'http://opac.gdufs.edu.cn:8991/F/U7HQIAXERUGKMKSVQVVBU87799JU1KGF7IX83RNLD7AG3FQU49-59390?func=direct&doc_number=000355659&format=999&local_base=GWD01', 2009, '20120312 22:00', '20120308 18:30', '', '南校区中文书外借分馆'),
(1706, '20111003623', 1, '领悟人生', '阎钢', 'http://opac.gdufs.edu.cn:8991/F/U7HQIAXERUGKMKSVQVVBU87799JU1KGF7IX83RNLD7AG3FQU49-59393?func=direct&doc_number=000046317&format=999&local_base=GWD01', 1997, '20120109 22:00', '20120109 17:36', '', '南校区中文书外借分馆'),
(1707, '20111003623', 1, '幽默心理和幽默逻辑', '孙绍振,', 'http://opac.gdufs.edu.cn:8991/F/U7HQIAXERUGKMKSVQVVBU87799JU1KGF7IX83RNLD7AG3FQU49-59396?func=direct&doc_number=000350420&format=999&local_base=GWD01', 2009, '20120109 22:00', '20120109 17:36', '', '南校区中文书外借分馆'),
(1708, '20111003623', 1, '战争与和平', '托尔斯泰', 'http://opac.gdufs.edu.cn:8991/F/U7HQIAXERUGKMKSVQVVBU87799JU1KGF7IX83RNLD7AG3FQU49-59399?func=direct&doc_number=000231997&format=999&local_base=GWD01', 1989, '20111124 22:00', '20111125 15:42', '0.10', '南校区中文书外借分馆'),
(1709, '20111003623', 1, '曹操大传', '王义详', 'http://opac.gdufs.edu.cn:8991/F/U7HQIAXERUGKMKSVQVVBU87799JU1KGF7IX83RNLD7AG3FQU49-59402?func=direct&doc_number=000118118&format=999&local_base=GWD01', 2002, '20111107 22:00', '20111026 11:49', '', '南校区中文书外借分馆'),
(1710, '20111003623', 1, '最精彩悬念推理小说', '霍克', 'http://opac.gdufs.edu.cn:8991/F/U7HQIAXERUGKMKSVQVVBU87799JU1KGF7IX83RNLD7AG3FQU49-59405?func=direct&doc_number=000112435&format=999&local_base=GWD01', 2003, '20111021 22:00', '20111026 11:49', '0.50', '南校区中文书外借分馆'),
(1889, '20110200959', 1, '倾城之恋', '张爱玲,', 'http://opac.gdufs.edu.cn:8991/F/9RXS5K5CJ1D1FN1RJJ1JVXY99L1P8GRIGAXI8R79DH2XTRYKSD-23312?func=direct&doc_number=000270474&format=999&local_base=GWD01', 2006, '20130618 22:00', '20130613 19:18', '', '南校区中文书外借分馆'),
(1890, '20110200959', 1, '大道平安', '王禾生', 'http://opac.gdufs.edu.cn:8991/F/9RXS5K5CJ1D1FN1RJJ1JVXY99L1P8GRIGAXI8R79DH2XTRYKSD-23315?func=direct&doc_number=000372920&format=999&local_base=GWD01', 2008, '20130606 22:00', '20130518 17:58', '', '南校区中文书外借分馆'),
(1891, '20110200959', 1, '曼斯菲尔德庄园', '奥斯汀', 'http://opac.gdufs.edu.cn:8991/F/9RXS5K5CJ1D1FN1RJJ1JVXY99L1P8GRIGAXI8R79DH2XTRYKSD-23318?func=direct&doc_number=000310682&format=999&local_base=GWD01', 2008, '20130424 22:00', '20130506 10:17', '0.90', '南校区中文书外借分馆'),
(1892, '20110200959', 1, '奥德赛', '荷马', 'http://opac.gdufs.edu.cn:8991/F/9RXS5K5CJ1D1FN1RJJ1JVXY99L1P8GRIGAXI8R79DH2XTRYKSD-23321?func=direct&doc_number=000271280&format=999&local_base=GWD01', 2006, '20121027 22:00', '20121023 10:03', '', '南校区中文书外借分馆'),
(1893, '20110200959', 1, '米什金《货币金融学》（第七版）学习指导', '埃斯克', 'http://opac.gdufs.edu.cn:8991/F/9RXS5K5CJ1D1FN1RJJ1JVXY99L1P8GRIGAXI8R79DH2XTRYKSD-23324?func=direct&doc_number=000274269&format=999&local_base=GWD01', 2006, '20121027 22:00', '20121023 10:03', '', '南校区中文书外借分馆'),
(1894, '20110200959', 1, '管理学基础', '卢西尔', 'http://opac.gdufs.edu.cn:8991/F/9RXS5K5CJ1D1FN1RJJ1JVXY99L1P8GRIGAXI8R79DH2XTRYKSD-23327?func=direct&doc_number=000254404&format=999&local_base=GWD01', 2007, '20121014 22:00', '20121012 17:21', '', '南校区中文书外借分馆'),
(1895, '20110200959', 1, '欧·亨利短篇小说选集', '亨利', 'http://opac.gdufs.edu.cn:8991/F/9RXS5K5CJ1D1FN1RJJ1JVXY99L1P8GRIGAXI8R79DH2XTRYKSD-23330?func=direct&doc_number=000364662&format=999&local_base=GWD01', 2009, '20120630 22:00', '20120619 17:12', '', '南校区英文书外借分馆'),
(1896, '20110200959', 1, '解读易经', '傅佩荣,', 'http://opac.gdufs.edu.cn:8991/F/9RXS5K5CJ1D1FN1RJJ1JVXY99L1P8GRIGAXI8R79DH2XTRYKSD-23333?func=direct&doc_number=000268536&format=999&local_base=GWD01', 2007, '20120419 22:00', '20120418 16:49', '', '南校区中文书外借分馆'),
(1897, '20110200959', 1, '高等数学复习指南', '陈兰祥', 'http://opac.gdufs.edu.cn:8991/F/9RXS5K5CJ1D1FN1RJJ1JVXY99L1P8GRIGAXI8R79DH2XTRYKSD-23336?func=direct&doc_number=000068029&format=999&local_base=GWD01', 2000, '20111109 22:00', '20111021 13:12', '', '南校区中文书外借分馆'),
(1898, '20110200959', 1, '一个经济学家给女儿的忠告', '兰兹伯格,', 'http://opac.gdufs.edu.cn:8991/F/9RXS5K5CJ1D1FN1RJJ1JVXY99L1P8GRIGAXI8R79DH2XTRYKSD-23339?func=direct&doc_number=000109145&format=999&local_base=GWD01', 2003, '20111106 22:00', '20111105 08:51', '', '南校区中文书外借分馆'),
(1899, '20110200959', 1, '破译《圣经》续集', '莫莱,', 'http://opac.gdufs.edu.cn:8991/F/9RXS5K5CJ1D1FN1RJJ1JVXY99L1P8GRIGAXI8R79DH2XTRYKSD-23342?func=direct&doc_number=000083212&format=999&local_base=GWD01', 2002, '20111021 22:00', '20111021 13:12', '', '南校区中文书外借分馆'),
(1900, '20110200959', 1, '生活中的经济学', '姜朝晖', 'http://opac.gdufs.edu.cn:8991/F/9RXS5K5CJ1D1FN1RJJ1JVXY99L1P8GRIGAXI8R79DH2XTRYKSD-23345?func=direct&doc_number=000378159&format=999&local_base=GWD01', 2010, '20111021 22:00', '20111021 13:12', '', '南校区中文书外借分馆'),
(1901, '20110200959', 1, '埃及考古学', '刘文鹏', 'http://opac.gdufs.edu.cn:8991/F/9RXS5K5CJ1D1FN1RJJ1JVXY99L1P8GRIGAXI8R79DH2XTRYKSD-23348?func=direct&doc_number=000285801&format=999&local_base=GWD01', 2008, '20111021 22:00', '20111021 13:12', '', '南校区中文书外借分馆'),
(1960, '20111003653', 1, 'Web数据挖掘', '刘兵', 'http://opac.gdufs.edu.cn:8991/F/8ARXFPEHV5P2DR4S2R7J8L5XUB7Y854B8GVVY29SCMTE8BQPU4-43489?func=direct&doc_number=000356483&format=999&local_base=GWD01', 2009, '20130917 22:00', '20130909 09:09', '', '南校区中文书外借分馆'),
(1961, '20111003653', 1, '云计算的关键技术与应用实例', '王鹏,', 'http://opac.gdufs.edu.cn:8991/F/8ARXFPEHV5P2DR4S2R7J8L5XUB7Y854B8GVVY29SCMTE8BQPU4-43492?func=direct&doc_number=000414651&format=999&local_base=GWD01', 2010, '20130410 22:00', '20130415 09:14', '', '南校区中文书外借分馆'),
(1962, '20111003653', 1, '云计算实践之道', '王庆波', 'http://opac.gdufs.edu.cn:8991/F/8ARXFPEHV5P2DR4S2R7J8L5XUB7Y854B8GVVY29SCMTE8BQPU4-43495?func=direct&doc_number=000420868&format=999&local_base=GWD01', 2011, '20130310 22:00', '20130106 18:58', '', '南校区中文书外借分馆'),
(1963, '20111003653', 1, '云计算的关键技术与应用实例', '王鹏,', 'http://opac.gdufs.edu.cn:8991/F/8ARXFPEHV5P2DR4S2R7J8L5XUB7Y854B8GVVY29SCMTE8BQPU4-43498?func=direct&doc_number=000414651&format=999&local_base=GWD01', 2010, '20130310 22:00', '20130106 18:58', '', '南校区中文书外借分馆'),
(1964, '20111003653', 1, '写给未来的一封信', '尹胜一', 'http://opac.gdufs.edu.cn:8991/F/8ARXFPEHV5P2DR4S2R7J8L5XUB7Y854B8GVVY29SCMTE8BQPU4-43501?func=direct&doc_number=000483452&format=999&local_base=GWD01', 2012, '20130310 22:00', '20130309 21:54', '', '南校区中文书外借分馆'),
(1965, '20111003653', 1, '云计算实践之道', '王庆波', 'http://opac.gdufs.edu.cn:8991/F/8ARXFPEHV5P2DR4S2R7J8L5XUB7Y854B8GVVY29SCMTE8BQPU4-43504?func=direct&doc_number=000420868&format=999&local_base=GWD01', 2011, '20130310 22:00', '20130309 21:55', '', '南校区中文书外借分馆'),
(1966, '20111003653', 1, '云计算的关键技术与应用实例', '王鹏,', 'http://opac.gdufs.edu.cn:8991/F/8ARXFPEHV5P2DR4S2R7J8L5XUB7Y854B8GVVY29SCMTE8BQPU4-43507?func=direct&doc_number=000414651&format=999&local_base=GWD01', 2010, '20130310 22:00', '20130309 21:55', '', '南校区中文书外借分馆'),
(1967, '20111003653', 1, '计算机操作系统', '许曰滨', 'http://opac.gdufs.edu.cn:8991/F/8ARXFPEHV5P2DR4S2R7J8L5XUB7Y854B8GVVY29SCMTE8BQPU4-43510?func=direct&doc_number=000289641&format=999&local_base=GWD01', 2007, '20121203 22:00', '20121218 14:24', '1.50', '南校区中文书外借分馆'),
(1968, '20111003653', 1, 'Java程序设计案例教程', '刘志都', 'http://opac.gdufs.edu.cn:8991/F/8ARXFPEHV5P2DR4S2R7J8L5XUB7Y854B8GVVY29SCMTE8BQPU4-43513?func=direct&doc_number=000359300&format=999&local_base=GWD01', 2009, '20121107 22:00', '20121112 15:48', '0.50', '南校区中文书外借分馆'),
(1969, '20111003653', 1, '人力资源战略管理', '李宝元', 'http://opac.gdufs.edu.cn:8991/F/8ARXFPEHV5P2DR4S2R7J8L5XUB7Y854B8GVVY29SCMTE8BQPU4-43516?func=direct&doc_number=000411353&format=999&local_base=GWD01', 2010, '20121107 22:00', '20121112 15:48', '0.50', '南校区中文书外借分馆'),
(1970, '20111003653', 1, 'C++程序设计教程实验指导及习题解答', '刘慧宁', 'http://opac.gdufs.edu.cn:8991/F/8ARXFPEHV5P2DR4S2R7J8L5XUB7Y854B8GVVY29SCMTE8BQPU4-43519?func=direct&doc_number=000361894&format=999&local_base=GWD01', 2009, '20121107 22:00', '20121101 17:21', '', '南校区中文书外借分馆'),
(1971, '20111003653', 1, '计算机操作系统', '许曰滨', 'http://opac.gdufs.edu.cn:8991/F/8ARXFPEHV5P2DR4S2R7J8L5XUB7Y854B8GVVY29SCMTE8BQPU4-43522?func=direct&doc_number=000289641&format=999&local_base=GWD01', 2007, '20121023 22:00', '20121007 15:23', '', '南校区中文书外借分馆'),
(1972, '20111003653', 1, '希腊神话与英雄传说', '郑振铎,', 'http://opac.gdufs.edu.cn:8991/F/8ARXFPEHV5P2DR4S2R7J8L5XUB7Y854B8GVVY29SCMTE8BQPU4-43525?func=direct&doc_number=000383294&format=999&local_base=GWD01', 2009, '20121010 22:00', '20121011 18:53', '0.10', '南校区中文书外借分馆'),
(1973, '20111003653', 1, 'Java从入门到精通', '陈浩', 'http://opac.gdufs.edu.cn:8991/F/8ARXFPEHV5P2DR4S2R7J8L5XUB7Y854B8GVVY29SCMTE8BQPU4-43528?func=direct&doc_number=000444015&format=999&local_base=GWD01', 2011, '20121010 22:00', '20120923 19:24', '', '南校区中文书外借分馆'),
(1974, '20111003653', 1, '人力资源管理心理学', '张杉杉', 'http://opac.gdufs.edu.cn:8991/F/8ARXFPEHV5P2DR4S2R7J8L5XUB7Y854B8GVVY29SCMTE8BQPU4-43531?func=direct&doc_number=000386064&format=999&local_base=GWD01', 2009, '20121010 22:00', '20120922 08:39', '', '南校区中文书外借分馆'),
(1975, '20111003653', 1, '微观经济学', '张元鹏', 'http://opac.gdufs.edu.cn:8991/F/8ARXFPEHV5P2DR4S2R7J8L5XUB7Y854B8GVVY29SCMTE8BQPU4-43534?func=direct&doc_number=000396778&format=999&local_base=GWD01', 2009, '20120917 22:00', '20120911 08:43', '', '南校区中文书外借分馆'),
(1976, '20111003653', 1, '帘卷西风', '周海亮', 'http://opac.gdufs.edu.cn:8991/F/8ARXFPEHV5P2DR4S2R7J8L5XUB7Y854B8GVVY29SCMTE8BQPU4-43537?func=direct&doc_number=000402356&format=999&local_base=GWD01', 2010, '20120917 22:00', '20120911 08:43', '', '南校区中文书外借分馆'),
(1977, '20111003653', 1, '微观经济学习题与解答', '张元鹏', 'http://opac.gdufs.edu.cn:8991/F/8ARXFPEHV5P2DR4S2R7J8L5XUB7Y854B8GVVY29SCMTE8BQPU4-43540?func=direct&doc_number=000396491&format=999&local_base=GWD01', 2009, '20120917 22:00', '20120911 08:43', '', '南校区中文书外借分馆'),
(1978, '20111003653', 1, '人力资源管理', '孙健敏', 'http://opac.gdufs.edu.cn:8991/F/8ARXFPEHV5P2DR4S2R7J8L5XUB7Y854B8GVVY29SCMTE8BQPU4-43543?func=direct&doc_number=000367911&format=999&local_base=GWD01', 2009, '20120917 22:00', '20120911 08:43', '', '南校区中文书外借分馆'),
(1979, '20111003653', 1, '数据库原理与技术', '尹为民', 'http://opac.gdufs.edu.cn:8991/F/8ARXFPEHV5P2DR4S2R7J8L5XUB7Y854B8GVVY29SCMTE8BQPU4-43546?func=direct&doc_number=000274535&format=999&local_base=GWD01', 2007, '20120917 22:00', '20120911 08:43', '', '南校区中文书外借分馆'),
(1980, '20111003653', 1, '零基础学C++', '李宽', 'http://opac.gdufs.edu.cn:8991/F/8ARXFPEHV5P2DR4S2R7J8L5XUB7Y854B8GVVY29SCMTE8BQPU4-43549?func=direct&doc_number=000355842&format=999&local_base=GWD01', 2009, '20120917 22:00', '20120911 08:43', '', '南校区中文书外借分馆'),
(1981, '20111003653', 1, '谁动了我的奶酪？', '约翰逊,', 'http://opac.gdufs.edu.cn:8991/F/8ARXFPEHV5P2DR4S2R7J8L5XUB7Y854B8GVVY29SCMTE8BQPU4-43552?func=direct&doc_number=000294456&format=999&local_base=GWD01', 2007, '20120612 22:00', '20120603 09:31', '', '南校区中文书外借分馆'),
(1982, '20111003653', 1, '金融学', '盖锐', 'http://opac.gdufs.edu.cn:8991/F/8ARXFPEHV5P2DR4S2R7J8L5XUB7Y854B8GVVY29SCMTE8BQPU4-43555?func=direct&doc_number=000233964&format=999&local_base=GWD01', 2006, '20120611 22:00', '20120603 09:31', '', '南校区中文书外借分馆'),
(1983, '20111003653', 1, '人力资源战略管理', '李宝元', 'http://opac.gdufs.edu.cn:8991/F/8ARXFPEHV5P2DR4S2R7J8L5XUB7Y854B8GVVY29SCMTE8BQPU4-43558?func=direct&doc_number=000411353&format=999&local_base=GWD01', 2010, '20120412 22:00', '20120411 08:31', '', '南校区中文书外借分馆'),
(1984, '20111003653', 1, '职业生涯管理教程', '巴鲁克,', 'http://opac.gdufs.edu.cn:8991/F/8ARXFPEHV5P2DR4S2R7J8L5XUB7Y854B8GVVY29SCMTE8BQPU4-43561?func=direct&doc_number=000216316&format=999&local_base=GWD01', 2005, '20120312 22:00', '20120228 09:24', '', '南校区中文书外借分馆'),
(1985, '20111003653', 1, '求职英语实战实例', '浩瀚', 'http://opac.gdufs.edu.cn:8991/F/8ARXFPEHV5P2DR4S2R7J8L5XUB7Y854B8GVVY29SCMTE8BQPU4-43564?func=direct&doc_number=000347666&format=999&local_base=GWD01', 2009, '20120312 22:00', '20120304 09:10', '', '南校区英文书外借分馆'),
(1986, '20111003653', 1, '中国最好的小小说', '周海亮', 'http://opac.gdufs.edu.cn:8991/F/8ARXFPEHV5P2DR4S2R7J8L5XUB7Y854B8GVVY29SCMTE8BQPU4-43567?func=direct&doc_number=000412795&format=999&local_base=GWD01', 2010, '20120312 22:00', '20120310 09:23', '', '南校区中文书外借分馆'),
(1987, '20111003653', 1, '读懂社会 现实做人', '华业', 'http://opac.gdufs.edu.cn:8991/F/8ARXFPEHV5P2DR4S2R7J8L5XUB7Y854B8GVVY29SCMTE8BQPU4-43570?func=direct&doc_number=000310942&format=999&local_base=GWD01', 2008, '20111217 22:00', '20111212 09:33', '', '南校区中文书外借分馆'),
(1988, '20111003653', 1, '打造时间管理高手', '李时秋,', 'http://opac.gdufs.edu.cn:8991/F/8ARXFPEHV5P2DR4S2R7J8L5XUB7Y854B8GVVY29SCMTE8BQPU4-43573?func=direct&doc_number=000247114&format=999&local_base=GWD01', 2007, '20111122 22:00', '20111118 11:35', '', '南校区中文书外借分馆'),
(2033, '20101003608', 1, '兜售繁荣', '克鲁格曼', 'http://opac.gdufs.edu.cn:8991/F/GDSHN7RGBLK7X9UMN6LPI6F3D8IUVQP6PPQXX9NXDCKNXXBK5R-04525?func=direct&doc_number=000393666&format=999&local_base=GWD01', 2010, '20130707 22:00', '20130618 11:44', '', '南校区中文书外借分馆'),
(2034, '20101003608', 1, '肉体与石头', '森尼特', 'http://opac.gdufs.edu.cn:8991/F/DV467X8243M3MCJ8FSGRPGJR2NGL253IG4RTHDYM3354CR5CRT-22674?func=direct&doc_number=000257717&format=999&local_base=GWD01', 2006, '20130917 22:00', '20130621 18:52', '', '南校区中文书外借分馆'),
(2035, '20101003608', 1, '国富论', '斯密,', 'http://opac.gdufs.edu.cn:8991/F/GDSHN7RGBLK7X9UMN6LPI6F3D8IUVQP6PPQXX9NXDCKNXXBK5R-04528?func=direct&doc_number=000221937&format=999&local_base=GWD01', 2005, '20130611 22:00', '20130608 18:58', '', '南校区中文书外借分馆'),
(2036, '20101003608', 1, '包豪斯理想', '斯莫克', 'http://opac.gdufs.edu.cn:8991/F/DV467X8243M3MCJ8FSGRPGJR2NGL253IG4RTHDYM3354CR5CRT-22677?func=direct&doc_number=000396346&format=999&local_base=GWD01', 2010, '20130917 22:00', '20130701 17:34', '', '南校区中文书外借分馆'),
(2037, '20101003608', 1, '香港文化十论', '也斯', 'http://opac.gdufs.edu.cn:8991/F/GDSHN7RGBLK7X9UMN6LPI6F3D8IUVQP6PPQXX9NXDCKNXXBK5R-04531?func=direct&doc_number=000479684&format=999&local_base=GWD01', 2012, '20130509 22:00', '20130505 18:48', '', '南校区中文书外借分馆'),
(2038, '20101003608', 1, '文学回忆录', '木心,', 'http://opac.gdufs.edu.cn:8991/F/DV467X8243M3MCJ8FSGRPGJR2NGL253IG4RTHDYM3354CR5CRT-22680?func=direct&doc_number=000491889&format=999&local_base=GWD01', 2013, '20130917 22:00', '20130903 11:33', '', '南校区中文书外借分馆'),
(2039, '20101003608', 1, '哲学通信', '伏尔泰,', 'http://opac.gdufs.edu.cn:8991/F/GDSHN7RGBLK7X9UMN6LPI6F3D8IUVQP6PPQXX9NXDCKNXXBK5R-04534?func=direct&doc_number=000203449&format=999&local_base=GWD01', 2005, '20130509 22:00', '20130505 18:48', '', '南校区中文书外借分馆'),
(2040, '20101003608', 1, '创意城市', '科瑞德', 'http://opac.gdufs.edu.cn:8991/F/DV467X8243M3MCJ8FSGRPGJR2NGL253IG4RTHDYM3354CR5CRT-22683?func=direct&doc_number=000411421&format=999&local_base=GWD01', 2010, '20130707 22:00', '20130617 21:43', '', '南校区中文书外借分馆'),
(2041, '20101003608', 1, '娱乐至死', '波兹曼', 'http://opac.gdufs.edu.cn:8991/F/GDSHN7RGBLK7X9UMN6LPI6F3D8IUVQP6PPQXX9NXDCKNXXBK5R-04537?func=direct&doc_number=000362513&format=999&local_base=GWD01', 2009, '20130509 22:00', '20130422 18:51', '', '南校区中文书外借分馆'),
(2042, '20101003608', 1, '兜售繁荣', '克鲁格曼', 'http://opac.gdufs.edu.cn:8991/F/DV467X8243M3MCJ8FSGRPGJR2NGL253IG4RTHDYM3354CR5CRT-22686?func=direct&doc_number=000393666&format=999&local_base=GWD01', 2010, '20130707 22:00', '20130618 11:44', '', '南校区中文书外借分馆'),
(2043, '20101003608', 1, '点线面', '康定斯基', 'http://opac.gdufs.edu.cn:8991/F/GDSHN7RGBLK7X9UMN6LPI6F3D8IUVQP6PPQXX9NXDCKNXXBK5R-04540?func=direct&doc_number=000479673&format=999&local_base=GWD01', 2011, '20130409 22:00', '20130319 08:52', '', '南校区中文书外借分馆'),
(2044, '20101003608', 1, '国富论', '斯密,', 'http://opac.gdufs.edu.cn:8991/F/DV467X8243M3MCJ8FSGRPGJR2NGL253IG4RTHDYM3354CR5CRT-22689?func=direct&doc_number=000221937&format=999&local_base=GWD01', 2005, '20130611 22:00', '20130608 18:58', '', '南校区中文书外借分馆'),
(2045, '20101003608', 1, '我与地坛', '史铁生', 'http://opac.gdufs.edu.cn:8991/F/GDSHN7RGBLK7X9UMN6LPI6F3D8IUVQP6PPQXX9NXDCKNXXBK5R-04543?func=direct&doc_number=000460738&format=999&local_base=GWD01', 2011, '20130409 22:00', '20130313 09:34', '', '南校区中文书外借分馆'),
(2046, '20101003608', 1, '香港文化十论', '也斯', 'http://opac.gdufs.edu.cn:8991/F/DV467X8243M3MCJ8FSGRPGJR2NGL253IG4RTHDYM3354CR5CRT-22692?func=direct&doc_number=000479684&format=999&local_base=GWD01', 2012, '20130509 22:00', '20130505 18:48', '', '南校区中文书外借分馆'),
(2047, '20101003608', 1, '经济学入门', '伊普', 'http://opac.gdufs.edu.cn:8991/F/GDSHN7RGBLK7X9UMN6LPI6F3D8IUVQP6PPQXX9NXDCKNXXBK5R-04546?func=direct&doc_number=000445630&format=999&local_base=GWD01', 2011, '20130310 22:00', '20130227 08:40', '', '南校区中文书外借分馆'),
(2048, '20101003608', 1, '哲学通信', '伏尔泰,', 'http://opac.gdufs.edu.cn:8991/F/DV467X8243M3MCJ8FSGRPGJR2NGL253IG4RTHDYM3354CR5CRT-22695?func=direct&doc_number=000203449&format=999&local_base=GWD01', 2005, '20130509 22:00', '20130505 18:48', '', '南校区中文书外借分馆'),
(2049, '20101003608', 1, '城市文化', '芒福德', 'http://opac.gdufs.edu.cn:8991/F/GDSHN7RGBLK7X9UMN6LPI6F3D8IUVQP6PPQXX9NXDCKNXXBK5R-04549?func=direct&doc_number=000388388&format=999&local_base=GWD01', 2009, '20130310 22:00', '20130306 10:03', '', '南校区中文书外借分馆'),
(2050, '20101003608', 1, '娱乐至死', '波兹曼', 'http://opac.gdufs.edu.cn:8991/F/DV467X8243M3MCJ8FSGRPGJR2NGL253IG4RTHDYM3354CR5CRT-22698?func=direct&doc_number=000362513&format=999&local_base=GWD01', 2009, '20130509 22:00', '20130422 18:51', '', '南校区中文书外借分馆'),
(2051, '20101003608', 1, 'Web开发入门经典', '博龙钦克', 'http://opac.gdufs.edu.cn:8991/F/GDSHN7RGBLK7X9UMN6LPI6F3D8IUVQP6PPQXX9NXDCKNXXBK5R-04552?func=direct&doc_number=000432362&format=999&local_base=GWD01', 2009, '20130111 22:00', '20130108 09:55', '', '南校区中文书外借分馆'),
(2052, '20101003608', 1, '点线面', '康定斯基', 'http://opac.gdufs.edu.cn:8991/F/DV467X8243M3MCJ8FSGRPGJR2NGL253IG4RTHDYM3354CR5CRT-22701?func=direct&doc_number=000479673&format=999&local_base=GWD01', 2011, '20130409 22:00', '20130319 08:52', '', '南校区中文书外借分馆'),
(2053, '20101003608', 1, '我将是你的镜子', '戈德史密斯,', 'http://opac.gdufs.edu.cn:8991/F/GDSHN7RGBLK7X9UMN6LPI6F3D8IUVQP6PPQXX9NXDCKNXXBK5R-04555?func=direct&doc_number=000268853&format=999&local_base=GWD01', 2007, '20121226 22:00', '20121209 09:10', '', '南校区中文书外借分馆'),
(2054, '20101003608', 1, '我与地坛', '史铁生', 'http://opac.gdufs.edu.cn:8991/F/DV467X8243M3MCJ8FSGRPGJR2NGL253IG4RTHDYM3354CR5CRT-22704?func=direct&doc_number=000460738&format=999&local_base=GWD01', 2011, '20130409 22:00', '20130313 09:34', '', '南校区中文书外借分馆'),
(2055, '20101003608', 1, '城市文化', '芒福德', 'http://opac.gdufs.edu.cn:8991/F/GDSHN7RGBLK7X9UMN6LPI6F3D8IUVQP6PPQXX9NXDCKNXXBK5R-04558?func=direct&doc_number=000388388&format=999&local_base=GWD01', 2009, '20121219 22:00', '20121217 09:53', '', '南校区中文书外借分馆'),
(2056, '20101003608', 1, '经济学入门', '伊普', 'http://opac.gdufs.edu.cn:8991/F/DV467X8243M3MCJ8FSGRPGJR2NGL253IG4RTHDYM3354CR5CRT-22707?func=direct&doc_number=000445630&format=999&local_base=GWD01', 2011, '20130310 22:00', '20130227 08:40', '', '南校区中文书外借分馆'),
(2057, '20101003608', 1, '菊与刀', '贝内迪克特', 'http://opac.gdufs.edu.cn:8991/F/GDSHN7RGBLK7X9UMN6LPI6F3D8IUVQP6PPQXX9NXDCKNXXBK5R-04561?func=direct&doc_number=000296254&format=999&local_base=GWD01', 2007, '20121212 22:00', '20121118 21:42', '', '南校区英文书外借分馆'),
(2058, '20101003608', 1, '城市文化', '芒福德', 'http://opac.gdufs.edu.cn:8991/F/DV467X8243M3MCJ8FSGRPGJR2NGL253IG4RTHDYM3354CR5CRT-22710?func=direct&doc_number=000388388&format=999&local_base=GWD01', 2009, '20130310 22:00', '20130306 10:03', '', '南校区中文书外借分馆'),
(2059, '20101003608', 1, '负建筑', '隈研吾', 'http://opac.gdufs.edu.cn:8991/F/GDSHN7RGBLK7X9UMN6LPI6F3D8IUVQP6PPQXX9NXDCKNXXBK5R-04564?func=direct&doc_number=000345181&format=999&local_base=GWD01', 2008, '20121212 22:00', '20121209 09:10', '', '南校区中文书外借分馆'),
(2060, '20101003608', 1, 'Web开发入门经典', '博龙钦克', 'http://opac.gdufs.edu.cn:8991/F/DV467X8243M3MCJ8FSGRPGJR2NGL253IG4RTHDYM3354CR5CRT-22713?func=direct&doc_number=000432362&format=999&local_base=GWD01', 2009, '20130111 22:00', '20130108 09:55', '', '南校区中文书外借分馆'),
(2061, '20101003608', 1, '西方哲学史', '罗素', 'http://opac.gdufs.edu.cn:8991/F/GDSHN7RGBLK7X9UMN6LPI6F3D8IUVQP6PPQXX9NXDCKNXXBK5R-04567?func=direct&doc_number=000287338&format=999&local_base=GWD01', 2007, '20121120 22:00', '20121031 20:00', '', '南校区中文书外借分馆'),
(2062, '20101003608', 1, '我将是你的镜子', '戈德史密斯,', 'http://opac.gdufs.edu.cn:8991/F/DV467X8243M3MCJ8FSGRPGJR2NGL253IG4RTHDYM3354CR5CRT-22716?func=direct&doc_number=000268853&format=999&local_base=GWD01', 2007, '20121226 22:00', '20121209 09:10', '', '南校区中文书外借分馆'),
(2063, '20101003608', 1, '设计心理学', '诺曼', 'http://opac.gdufs.edu.cn:8991/F/GDSHN7RGBLK7X9UMN6LPI6F3D8IUVQP6PPQXX9NXDCKNXXBK5R-04570?func=direct&doc_number=000415407&format=999&local_base=GWD01', 2010, '20121115 22:00', '20121018 20:34', '', '南校区中文书外借分馆'),
(2064, '20101003608', 1, '城市文化', '芒福德', 'http://opac.gdufs.edu.cn:8991/F/DV467X8243M3MCJ8FSGRPGJR2NGL253IG4RTHDYM3354CR5CRT-22719?func=direct&doc_number=000388388&format=999&local_base=GWD01', 2009, '20121219 22:00', '20121217 09:53', '', '南校区中文书外借分馆'),
(2065, '20101003608', 1, '设计心理学', '诺曼', 'http://opac.gdufs.edu.cn:8991/F/GDSHN7RGBLK7X9UMN6LPI6F3D8IUVQP6PPQXX9NXDCKNXXBK5R-04573?func=direct&doc_number=000441585&format=999&local_base=GWD01', 2011, '20121115 22:00', '20121031 20:01', '', '南校区中文书外借分馆'),
(2066, '20101003608', 1, '菊与刀', '贝内迪克特', 'http://opac.gdufs.edu.cn:8991/F/DV467X8243M3MCJ8FSGRPGJR2NGL253IG4RTHDYM3354CR5CRT-22722?func=direct&doc_number=000296254&format=999&local_base=GWD01', 2007, '20121212 22:00', '20121118 21:42', '', '南校区英文书外借分馆'),
(2067, '20101003608', 1, '设计私语录', '原研哉', 'http://opac.gdufs.edu.cn:8991/F/GDSHN7RGBLK7X9UMN6LPI6F3D8IUVQP6PPQXX9NXDCKNXXBK5R-04576?func=direct&doc_number=000440832&format=999&local_base=GWD01', 2011, '20121115 22:00', '20121113 19:06', '', '南校区中文书外借分馆'),
(2068, '20101003608', 1, '负建筑', '隈研吾', 'http://opac.gdufs.edu.cn:8991/F/DV467X8243M3MCJ8FSGRPGJR2NGL253IG4RTHDYM3354CR5CRT-22725?func=direct&doc_number=000345181&format=999&local_base=GWD01', 2008, '20121212 22:00', '20121209 09:10', '', '南校区中文书外借分馆'),
(2069, '20101003608', 1, '英语圣经故事导读', '郭跃进', 'http://opac.gdufs.edu.cn:8991/F/GDSHN7RGBLK7X9UMN6LPI6F3D8IUVQP6PPQXX9NXDCKNXXBK5R-04579?func=direct&doc_number=000176774&format=999&local_base=GWD01', 2002, '20121020 22:00', '20121010 17:03', '', '南校区英文书外借分馆'),
(2070, '20101003608', 1, '西方哲学史', '罗素', 'http://opac.gdufs.edu.cn:8991/F/DV467X8243M3MCJ8FSGRPGJR2NGL253IG4RTHDYM3354CR5CRT-22728?func=direct&doc_number=000287338&format=999&local_base=GWD01', 2007, '20121120 22:00', '20121031 20:00', '', '南校区中文书外借分馆'),
(2071, '20101003608', 1, '电子商务管理案例分析', '黄志平', 'http://opac.gdufs.edu.cn:8991/F/GDSHN7RGBLK7X9UMN6LPI6F3D8IUVQP6PPQXX9NXDCKNXXBK5R-04582?func=direct&doc_number=000202167&format=999&local_base=GWD01', 2005, '20120917 22:00', '20120904 16:29', '', '南校区中文书外借分馆'),
(2072, '20101003608', 1, '设计心理学', '诺曼', 'http://opac.gdufs.edu.cn:8991/F/DV467X8243M3MCJ8FSGRPGJR2NGL253IG4RTHDYM3354CR5CRT-22731?func=direct&doc_number=000415407&format=999&local_base=GWD01', 2010, '20121115 22:00', '20121018 20:34', '', '南校区中文书外借分馆'),
(2073, '20101003608', 1, '网络营销', '孙锐', 'http://opac.gdufs.edu.cn:8991/F/GDSHN7RGBLK7X9UMN6LPI6F3D8IUVQP6PPQXX9NXDCKNXXBK5R-04585?func=direct&doc_number=000471139&format=999&local_base=GWD01', 2011, '20120917 22:00', '20120904 16:29', '', '南校区中文书外借分馆'),
(2074, '20101003608', 1, '设计心理学', '诺曼', 'http://opac.gdufs.edu.cn:8991/F/DV467X8243M3MCJ8FSGRPGJR2NGL253IG4RTHDYM3354CR5CRT-22734?func=direct&doc_number=000441585&format=999&local_base=GWD01', 2011, '20121115 22:00', '20121031 20:01', '', '南校区中文书外借分馆'),
(2075, '20101003608', 1, '市场营销案例与实务', '雷鹏', 'http://opac.gdufs.edu.cn:8991/F/GDSHN7RGBLK7X9UMN6LPI6F3D8IUVQP6PPQXX9NXDCKNXXBK5R-04588?func=direct&doc_number=000431497&format=999&local_base=GWD01', 2011, '20120917 22:00', '20120904 16:29', '', '南校区中文书外借分馆'),
(2076, '20101003608', 1, '设计私语录', '原研哉', 'http://opac.gdufs.edu.cn:8991/F/DV467X8243M3MCJ8FSGRPGJR2NGL253IG4RTHDYM3354CR5CRT-22737?func=direct&doc_number=000440832&format=999&local_base=GWD01', 2011, '20121115 22:00', '20121113 19:06', '', '南校区中文书外借分馆'),
(2077, '20101003608', 1, '顶级销售的25堂课', '乔诺', 'http://opac.gdufs.edu.cn:8991/F/GDSHN7RGBLK7X9UMN6LPI6F3D8IUVQP6PPQXX9NXDCKNXXBK5R-04591?func=direct&doc_number=000423818&format=999&local_base=GWD01', 2011, '20120917 22:00', '20120904 16:29', '', '南校区中文书外借分馆'),
(2078, '20101003608', 1, '英语圣经故事导读', '郭跃进', 'http://opac.gdufs.edu.cn:8991/F/DV467X8243M3MCJ8FSGRPGJR2NGL253IG4RTHDYM3354CR5CRT-22740?func=direct&doc_number=000176774&format=999&local_base=GWD01', 2002, '20121020 22:00', '20121010 17:03', '', '南校区英文书外借分馆'),
(2079, '20101003608', 1, '营销一定有方法', '奥特斯坦丁,', 'http://opac.gdufs.edu.cn:8991/F/GDSHN7RGBLK7X9UMN6LPI6F3D8IUVQP6PPQXX9NXDCKNXXBK5R-04594?func=direct&doc_number=000078689&format=999&local_base=GWD01', 2002, '20120917 22:00', '20120904 16:29', '', '南校区中文书外借分馆'),
(2080, '20101003608', 1, '电子商务管理案例分析', '黄志平', 'http://opac.gdufs.edu.cn:8991/F/DV467X8243M3MCJ8FSGRPGJR2NGL253IG4RTHDYM3354CR5CRT-22743?func=direct&doc_number=000202167&format=999&local_base=GWD01', 2005, '20120917 22:00', '20120904 16:29', '', '南校区中文书外借分馆'),
(2081, '20101003608', 1, '赖声川的创意学', '赖声川', 'http://opac.gdufs.edu.cn:8991/F/GDSHN7RGBLK7X9UMN6LPI6F3D8IUVQP6PPQXX9NXDCKNXXBK5R-04597?func=direct&doc_number=000440823&format=999&local_base=GWD01', 2011, '20120917 22:00', '20120715 09:08', '', '南校区中文书外借分馆'),
(2082, '20101003608', 1, '网络营销', '孙锐', 'http://opac.gdufs.edu.cn:8991/F/DV467X8243M3MCJ8FSGRPGJR2NGL253IG4RTHDYM3354CR5CRT-22746?func=direct&doc_number=000471139&format=999&local_base=GWD01', 2011, '20120917 22:00', '20120904 16:29', '', '南校区中文书外借分馆'),
(2083, '20101003608', 1, '消解设计的界限', '朱锷', 'http://opac.gdufs.edu.cn:8991/F/GDSHN7RGBLK7X9UMN6LPI6F3D8IUVQP6PPQXX9NXDCKNXXBK5R-04600?func=direct&doc_number=000441734&format=999&local_base=GWD01', 2010, '20120917 22:00', '20120904 08:49', '', '南校区中文书外借分馆'),
(2084, '20101003608', 1, '市场营销案例与实务', '雷鹏', 'http://opac.gdufs.edu.cn:8991/F/DV467X8243M3MCJ8FSGRPGJR2NGL253IG4RTHDYM3354CR5CRT-22749?func=direct&doc_number=000431497&format=999&local_base=GWD01', 2011, '20120917 22:00', '20120904 16:29', '', '南校区中文书外借分馆'),
(2085, '20101003608', 1, '软件工程', '弗利特', 'http://opac.gdufs.edu.cn:8991/F/GDSHN7RGBLK7X9UMN6LPI6F3D8IUVQP6PPQXX9NXDCKNXXBK5R-04603?func=direct&doc_number=000427069&format=999&local_base=GWD01', 2011, '20120706 22:00', '20120702 09:40', '', '南校区中文书外借分馆'),
(2086, '20101003608', 1, '顶级销售的25堂课', '乔诺', 'http://opac.gdufs.edu.cn:8991/F/DV467X8243M3MCJ8FSGRPGJR2NGL253IG4RTHDYM3354CR5CRT-22752?func=direct&doc_number=000423818&format=999&local_base=GWD01', 2011, '20120917 22:00', '20120904 16:29', '', '南校区中文书外借分馆'),
(2087, '20101003608', 1, '图书馆学基础教程', '王子舟,', 'http://opac.gdufs.edu.cn:8991/F/GDSHN7RGBLK7X9UMN6LPI6F3D8IUVQP6PPQXX9NXDCKNXXBK5R-04606?func=direct&doc_number=000119139&format=999&local_base=GWD01', 2003, '20120622 22:00', '20120605 08:40', '', '南校区中文书外借分馆'),
(2088, '20101003608', 1, '营销一定有方法', '奥特斯坦丁,', 'http://opac.gdufs.edu.cn:8991/F/DV467X8243M3MCJ8FSGRPGJR2NGL253IG4RTHDYM3354CR5CRT-22755?func=direct&doc_number=000078689&format=999&local_base=GWD01', 2002, '20120917 22:00', '20120904 16:29', '', '南校区中文书外借分馆'),
(2089, '20101003608', 1, '出版传媒视角下的《新青年》', '谢明香,', 'http://opac.gdufs.edu.cn:8991/F/GDSHN7RGBLK7X9UMN6LPI6F3D8IUVQP6PPQXX9NXDCKNXXBK5R-04609?func=direct&doc_number=000409881&format=999&local_base=GWD01', 2010, '20120622 22:00', '20120605 08:40', '', '南校区中文书外借分馆'),
(2090, '20101003608', 1, '赖声川的创意学', '赖声川', 'http://opac.gdufs.edu.cn:8991/F/DV467X8243M3MCJ8FSGRPGJR2NGL253IG4RTHDYM3354CR5CRT-22758?func=direct&doc_number=000440823&format=999&local_base=GWD01', 2011, '20120917 22:00', '20120715 09:08', '', '南校区中文书外借分馆'),
(2091, '20101003608', 1, '荷马史诗', '荷马', 'http://opac.gdufs.edu.cn:8991/F/GDSHN7RGBLK7X9UMN6LPI6F3D8IUVQP6PPQXX9NXDCKNXXBK5R-04612?func=direct&doc_number=000341574&format=999&local_base=GWD01', 2008, '20120510 22:00', '20120416 08:30', '', '南校区中文书外借分馆'),
(2092, '20101003608', 1, '消解设计的界限', '朱锷', 'http://opac.gdufs.edu.cn:8991/F/DV467X8243M3MCJ8FSGRPGJR2NGL253IG4RTHDYM3354CR5CRT-22761?func=direct&doc_number=000441734&format=999&local_base=GWD01', 2010, '20120917 22:00', '20120904 08:49', '', '南校区中文书外借分馆'),
(2093, '20101003608', 1, '视觉语汇解读', '怀尔德,', 'http://opac.gdufs.edu.cn:8991/F/GDSHN7RGBLK7X9UMN6LPI6F3D8IUVQP6PPQXX9NXDCKNXXBK5R-04615?func=direct&doc_number=000118025&format=999&local_base=GWD01', 2003, '20120510 22:00', '20120413 09:02', '', '南校区中文书外借分馆'),
(2094, '20101003608', 1, '软件工程', '弗利特', 'http://opac.gdufs.edu.cn:8991/F/DV467X8243M3MCJ8FSGRPGJR2NGL253IG4RTHDYM3354CR5CRT-22764?func=direct&doc_number=000427069&format=999&local_base=GWD01', 2011, '20120706 22:00', '20120702 09:40', '', '南校区中文书外借分馆'),
(2095, '20101003608', 1, '过于喧嚣的孤独 底层的珍珠', '赫拉巴尔,', 'http://opac.gdufs.edu.cn:8991/F/GDSHN7RGBLK7X9UMN6LPI6F3D8IUVQP6PPQXX9NXDCKNXXBK5R-04618?func=direct&doc_number=000117528&format=999&local_base=GWD01', 2003, '20120510 22:00', '20120413 09:24', '', '南校区中文书外借分馆'),
(2096, '20101003608', 1, '图书馆学基础教程', '王子舟,', 'http://opac.gdufs.edu.cn:8991/F/DV467X8243M3MCJ8FSGRPGJR2NGL253IG4RTHDYM3354CR5CRT-22767?func=direct&doc_number=000119139&format=999&local_base=GWD01', 2003, '20120622 22:00', '20120605 08:40', '', '南校区中文书外借分馆'),
(2097, '20101003608', 1, 'Java程序设计教程', '刘易斯', 'http://opac.gdufs.edu.cn:8991/F/GDSHN7RGBLK7X9UMN6LPI6F3D8IUVQP6PPQXX9NXDCKNXXBK5R-04621?func=direct&doc_number=000338670&format=999&local_base=GWD01', 2009, '20120312 22:00', '20120111 08:25', '', '南校区中文书外借分馆');
INSERT INTO `gw_history` (`id`, `studentNumber`, `schoolId`, `title`, `author`, `url`, `publishYear`, `limitTime`, `returnTime`, `payment`, `location`) VALUES
(2098, '20101003608', 1, '出版传媒视角下的《新青年》', '谢明香,', 'http://opac.gdufs.edu.cn:8991/F/DV467X8243M3MCJ8FSGRPGJR2NGL253IG4RTHDYM3354CR5CRT-22770?func=direct&doc_number=000409881&format=999&local_base=GWD01', 2010, '20120622 22:00', '20120605 08:40', '', '南校区中文书外借分馆'),
(2099, '20101003608', 1, '到西方去', '乔加', 'http://opac.gdufs.edu.cn:8991/F/GDSHN7RGBLK7X9UMN6LPI6F3D8IUVQP6PPQXX9NXDCKNXXBK5R-04624?func=direct&doc_number=000308086&format=999&local_base=GWD01', 2008, '20111014 22:00', '20110921 15:23', '', '南校区中文书外借分馆'),
(2100, '20101003608', 1, '荷马史诗', '荷马', 'http://opac.gdufs.edu.cn:8991/F/DV467X8243M3MCJ8FSGRPGJR2NGL253IG4RTHDYM3354CR5CRT-22773?func=direct&doc_number=000341574&format=999&local_base=GWD01', 2008, '20120510 22:00', '20120416 08:30', '', '南校区中文书外借分馆'),
(2101, '20101003608', 1, '字体设计原理', '怀特', 'http://opac.gdufs.edu.cn:8991/F/GDSHN7RGBLK7X9UMN6LPI6F3D8IUVQP6PPQXX9NXDCKNXXBK5R-04627?func=direct&doc_number=000312161&format=999&local_base=GWD01', 2006, '20111008 22:00', '20110915 19:38', '', '南校区中文书外借分馆'),
(2102, '20101003608', 1, '视觉语汇解读', '怀尔德,', 'http://opac.gdufs.edu.cn:8991/F/DV467X8243M3MCJ8FSGRPGJR2NGL253IG4RTHDYM3354CR5CRT-22776?func=direct&doc_number=000118025&format=999&local_base=GWD01', 2003, '20120510 22:00', '20120413 09:02', '', '南校区中文书外借分馆'),
(2103, '20101003608', 1, '老师的提包', '川上弘美,', 'http://opac.gdufs.edu.cn:8991/F/GDSHN7RGBLK7X9UMN6LPI6F3D8IUVQP6PPQXX9NXDCKNXXBK5R-04630?func=direct&doc_number=000246671&format=999&local_base=GWD01', 2006, '20110628 22:00', '20110609 14:31', '', '南校区中文书外借分馆'),
(2104, '20101003608', 1, '过于喧嚣的孤独 底层的珍珠', '赫拉巴尔,', 'http://opac.gdufs.edu.cn:8991/F/DV467X8243M3MCJ8FSGRPGJR2NGL253IG4RTHDYM3354CR5CRT-22779?func=direct&doc_number=000117528&format=999&local_base=GWD01', 2003, '20120510 22:00', '20120413 09:24', '', '南校区中文书外借分馆'),
(2105, '20101003608', 1, '黑书', '帕穆克', 'http://opac.gdufs.edu.cn:8991/F/GDSHN7RGBLK7X9UMN6LPI6F3D8IUVQP6PPQXX9NXDCKNXXBK5R-04633?func=direct&doc_number=000262482&format=999&local_base=GWD01', 2007, '20110424 22:00', '20110412 08:45', '', '南校区中文书外借分馆'),
(2106, '20101003608', 1, 'Java程序设计教程', '刘易斯', 'http://opac.gdufs.edu.cn:8991/F/DV467X8243M3MCJ8FSGRPGJR2NGL253IG4RTHDYM3354CR5CRT-22782?func=direct&doc_number=000338670&format=999&local_base=GWD01', 2009, '20120312 22:00', '20120111 08:25', '', '南校区中文书外借分馆'),
(2107, '20101003608', 1, '复乐园', '渡边淳一,', 'http://opac.gdufs.edu.cn:8991/F/GDSHN7RGBLK7X9UMN6LPI6F3D8IUVQP6PPQXX9NXDCKNXXBK5R-04636?func=direct&doc_number=000386911&format=999&local_base=GWD01', 2010, '20110412 22:00', '20110321 09:41', '', '南校区中文书外借分馆'),
(2108, '20101003608', 1, '到西方去', '乔加', 'http://opac.gdufs.edu.cn:8991/F/DV467X8243M3MCJ8FSGRPGJR2NGL253IG4RTHDYM3354CR5CRT-22785?func=direct&doc_number=000308086&format=999&local_base=GWD01', 2008, '20111014 22:00', '20110921 15:23', '', '南校区中文书外借分馆'),
(2109, '20101003608', 1, '空房间', '哈克', 'http://opac.gdufs.edu.cn:8991/F/GDSHN7RGBLK7X9UMN6LPI6F3D8IUVQP6PPQXX9NXDCKNXXBK5R-04639?func=direct&doc_number=000297676&format=999&local_base=GWD01', 2008, '20110330 22:00', '20110313 10:34', '', '南校区中文书外借分馆'),
(2110, '20101003608', 1, '字体设计原理', '怀特', 'http://opac.gdufs.edu.cn:8991/F/DV467X8243M3MCJ8FSGRPGJR2NGL253IG4RTHDYM3354CR5CRT-22788?func=direct&doc_number=000312161&format=999&local_base=GWD01', 2006, '20111008 22:00', '20110915 19:38', '', '南校区中文书外借分馆'),
(2111, '20101003608', 1, '爱怜纪', '川上弘美,', 'http://opac.gdufs.edu.cn:8991/F/GDSHN7RGBLK7X9UMN6LPI6F3D8IUVQP6PPQXX9NXDCKNXXBK5R-04642?func=direct&doc_number=000297641&format=999&local_base=GWD01', 2008, '20110330 22:00', '20110313 10:34', '', '南校区中文书外借分馆'),
(2112, '20101003608', 1, '老师的提包', '川上弘美,', 'http://opac.gdufs.edu.cn:8991/F/DV467X8243M3MCJ8FSGRPGJR2NGL253IG4RTHDYM3354CR5CRT-22791?func=direct&doc_number=000246671&format=999&local_base=GWD01', 2006, '20110628 22:00', '20110609 14:31', '', '南校区中文书外借分馆'),
(2113, '20101003608', 1, '玻璃球游戏', '海塞', 'http://opac.gdufs.edu.cn:8991/F/GDSHN7RGBLK7X9UMN6LPI6F3D8IUVQP6PPQXX9NXDCKNXXBK5R-04645?func=direct&doc_number=000287634&format=999&local_base=GWD01', 2007, '20110330 22:00', '20110321 09:41', '', '南校区中文书外借分馆'),
(2114, '20101003608', 1, '黑书', '帕穆克', 'http://opac.gdufs.edu.cn:8991/F/DV467X8243M3MCJ8FSGRPGJR2NGL253IG4RTHDYM3354CR5CRT-22794?func=direct&doc_number=000262482&format=999&local_base=GWD01', 2007, '20110424 22:00', '20110412 08:45', '', '南校区中文书外借分馆'),
(2115, '20101003608', 1, '线性代数', '邓辉文', 'http://opac.gdufs.edu.cn:8991/F/GDSHN7RGBLK7X9UMN6LPI6F3D8IUVQP6PPQXX9NXDCKNXXBK5R-04648?func=direct&doc_number=000304919&format=999&local_base=GWD01', 2008, '20110313 22:00', '20110110 17:54', '', '南校区中文书外借分馆'),
(2116, '20101003608', 1, '复乐园', '渡边淳一,', 'http://opac.gdufs.edu.cn:8991/F/DV467X8243M3MCJ8FSGRPGJR2NGL253IG4RTHDYM3354CR5CRT-22797?func=direct&doc_number=000386911&format=999&local_base=GWD01', 2010, '20110412 22:00', '20110321 09:41', '', '南校区中文书外借分馆'),
(2117, '20101003608', 1, '线性代数学习指导与习题解答', '邓辉文', 'http://opac.gdufs.edu.cn:8991/F/GDSHN7RGBLK7X9UMN6LPI6F3D8IUVQP6PPQXX9NXDCKNXXBK5R-04651?func=direct&doc_number=000357309&format=999&local_base=GWD01', 2008, '20110313 22:00', '20110110 17:54', '', '南校区中文书外借分馆'),
(2118, '20101003608', 1, '空房间', '哈克', 'http://opac.gdufs.edu.cn:8991/F/DV467X8243M3MCJ8FSGRPGJR2NGL253IG4RTHDYM3354CR5CRT-22800?func=direct&doc_number=000297676&format=999&local_base=GWD01', 2008, '20110330 22:00', '20110313 10:34', '', '南校区中文书外借分馆'),
(2119, '20101003608', 1, 'JavaScript网页特效范例宝典', '明日科技', 'http://opac.gdufs.edu.cn:8991/F/GDSHN7RGBLK7X9UMN6LPI6F3D8IUVQP6PPQXX9NXDCKNXXBK5R-04654?func=direct&doc_number=000275777&format=999&local_base=GWD01', 2007, '20110107 22:00', '20101220 09:10', '', '南校区中文书外借分馆'),
(2120, '20101003608', 1, '爱怜纪', '川上弘美,', 'http://opac.gdufs.edu.cn:8991/F/DV467X8243M3MCJ8FSGRPGJR2NGL253IG4RTHDYM3354CR5CRT-22803?func=direct&doc_number=000297641&format=999&local_base=GWD01', 2008, '20110330 22:00', '20110313 10:34', '', '南校区中文书外借分馆'),
(2121, '20101003608', 1, '网格设计', '安布罗斯', 'http://opac.gdufs.edu.cn:8991/F/GDSHN7RGBLK7X9UMN6LPI6F3D8IUVQP6PPQXX9NXDCKNXXBK5R-04657?func=direct&doc_number=000312058&format=999&local_base=GWD01', 2008, '20110105 22:00', '20101220 09:10', '', '南校区中文书外借分馆'),
(2122, '20101003608', 1, '玻璃球游戏', '海塞', 'http://opac.gdufs.edu.cn:8991/F/DV467X8243M3MCJ8FSGRPGJR2NGL253IG4RTHDYM3354CR5CRT-22806?func=direct&doc_number=000287634&format=999&local_base=GWD01', 2007, '20110330 22:00', '20110321 09:41', '', '南校区中文书外借分馆'),
(2123, '20101003608', 1, '选择的艺术', '冯建华', 'http://opac.gdufs.edu.cn:8991/F/GDSHN7RGBLK7X9UMN6LPI6F3D8IUVQP6PPQXX9NXDCKNXXBK5R-04660?func=direct&doc_number=000302276&format=999&local_base=GWD01', 2006, '20110105 22:00', '20101227 10:08', '', '南校区中文书外借分馆'),
(2124, '20101003608', 1, '线性代数', '邓辉文', 'http://opac.gdufs.edu.cn:8991/F/DV467X8243M3MCJ8FSGRPGJR2NGL253IG4RTHDYM3354CR5CRT-22809?func=direct&doc_number=000304919&format=999&local_base=GWD01', 2008, '20110313 22:00', '20110110 17:54', '', '南校区中文书外借分馆'),
(2125, '20101003608', 1, '从大历史的角度读蒋介石日记', '黄仁宇,', 'http://opac.gdufs.edu.cn:8991/F/GDSHN7RGBLK7X9UMN6LPI6F3D8IUVQP6PPQXX9NXDCKNXXBK5R-04663?func=direct&doc_number=000281437&format=999&local_base=GWD01', 2008, '20101230 22:00', '20101207 17:58', '', '南校区中文书外借分馆'),
(2126, '20101003608', 1, '线性代数学习指导与习题解答', '邓辉文', 'http://opac.gdufs.edu.cn:8991/F/DV467X8243M3MCJ8FSGRPGJR2NGL253IG4RTHDYM3354CR5CRT-22812?func=direct&doc_number=000357309&format=999&local_base=GWD01', 2008, '20110313 22:00', '20110110 17:54', '', '南校区中文书外借分馆'),
(2127, '20101003608', 1, '线性代数学习指导与习题解答', '邓辉文', 'http://opac.gdufs.edu.cn:8991/F/GDSHN7RGBLK7X9UMN6LPI6F3D8IUVQP6PPQXX9NXDCKNXXBK5R-04666?func=direct&doc_number=000357309&format=999&local_base=GWD01', 2008, '20101229 22:00', '20101207 17:59', '', '南校区中文书外借分馆'),
(2128, '20101003608', 1, 'JavaScript网页特效范例宝典', '明日科技', 'http://opac.gdufs.edu.cn:8991/F/DV467X8243M3MCJ8FSGRPGJR2NGL253IG4RTHDYM3354CR5CRT-22815?func=direct&doc_number=000275777&format=999&local_base=GWD01', 2007, '20110107 22:00', '20101220 09:10', '', '南校区中文书外借分馆'),
(2129, '20101003608', 1, 'C大学教程', '戴特尔', 'http://opac.gdufs.edu.cn:8991/F/GDSHN7RGBLK7X9UMN6LPI6F3D8IUVQP6PPQXX9NXDCKNXXBK5R-04669?func=direct&doc_number=000302138&format=999&local_base=GWD01', 2008, '20101229 22:00', '20101227 10:08', '', '南校区中文书外借分馆'),
(2130, '20101003608', 1, '网格设计', '安布罗斯', 'http://opac.gdufs.edu.cn:8991/F/DV467X8243M3MCJ8FSGRPGJR2NGL253IG4RTHDYM3354CR5CRT-22818?func=direct&doc_number=000312058&format=999&local_base=GWD01', 2008, '20110105 22:00', '20101220 09:10', '', '南校区中文书外借分馆'),
(2131, '20101003608', 1, '小说十八史略', '陈舜臣,', 'http://opac.gdufs.edu.cn:8991/F/GDSHN7RGBLK7X9UMN6LPI6F3D8IUVQP6PPQXX9NXDCKNXXBK5R-04672?func=direct&doc_number=000379167&format=999&local_base=GWD01', 2010, '20101211 22:00', '20101116 09:02', '', '南校区中文书外借分馆'),
(2132, '20101003608', 1, '选择的艺术', '冯建华', 'http://opac.gdufs.edu.cn:8991/F/DV467X8243M3MCJ8FSGRPGJR2NGL253IG4RTHDYM3354CR5CRT-22821?func=direct&doc_number=000302276&format=999&local_base=GWD01', 2006, '20110105 22:00', '20101227 10:08', '', '南校区中文书外借分馆'),
(2133, '20101003608', 1, '小说十八史略', '陈舜臣,', 'http://opac.gdufs.edu.cn:8991/F/GDSHN7RGBLK7X9UMN6LPI6F3D8IUVQP6PPQXX9NXDCKNXXBK5R-04675?func=direct&doc_number=000379167&format=999&local_base=GWD01', 2010, '20101211 22:00', '20101116 09:02', '', '南校区中文书外借分馆'),
(2134, '20101003608', 1, '从大历史的角度读蒋介石日记', '黄仁宇,', 'http://opac.gdufs.edu.cn:8991/F/DV467X8243M3MCJ8FSGRPGJR2NGL253IG4RTHDYM3354CR5CRT-22824?func=direct&doc_number=000281437&format=999&local_base=GWD01', 2008, '20101230 22:00', '20101207 17:58', '', '南校区中文书外借分馆'),
(2135, '20101003608', 1, '小说十八史略', '陈舜臣,', 'http://opac.gdufs.edu.cn:8991/F/GDSHN7RGBLK7X9UMN6LPI6F3D8IUVQP6PPQXX9NXDCKNXXBK5R-04678?func=direct&doc_number=000379167&format=999&local_base=GWD01', 2010, '20101125 22:00', '20101101 11:40', '', '南校区中文书外借分馆'),
(2136, '20101003608', 1, '线性代数学习指导与习题解答', '邓辉文', 'http://opac.gdufs.edu.cn:8991/F/DV467X8243M3MCJ8FSGRPGJR2NGL253IG4RTHDYM3354CR5CRT-22827?func=direct&doc_number=000357309&format=999&local_base=GWD01', 2008, '20101229 22:00', '20101207 17:59', '', '南校区中文书外借分馆'),
(2137, '20101003608', 1, '小说十八史略', '陈舜臣,', 'http://opac.gdufs.edu.cn:8991/F/GDSHN7RGBLK7X9UMN6LPI6F3D8IUVQP6PPQXX9NXDCKNXXBK5R-04681?func=direct&doc_number=000379167&format=999&local_base=GWD01', 2010, '20101125 22:00', '20101101 11:40', '', '南校区中文书外借分馆'),
(2138, '20101003608', 1, 'C大学教程', '戴特尔', 'http://opac.gdufs.edu.cn:8991/F/DV467X8243M3MCJ8FSGRPGJR2NGL253IG4RTHDYM3354CR5CRT-22830?func=direct&doc_number=000302138&format=999&local_base=GWD01', 2008, '20101229 22:00', '20101227 10:08', '', '南校区中文书外借分馆'),
(2139, '20101003608', 1, '小说十八史略', '陈舜臣,', 'http://opac.gdufs.edu.cn:8991/F/GDSHN7RGBLK7X9UMN6LPI6F3D8IUVQP6PPQXX9NXDCKNXXBK5R-04684?func=direct&doc_number=000379167&format=999&local_base=GWD01', 2010, '20101125 22:00', '20101115 09:11', '', '南校区中文书外借分馆'),
(2140, '20101003608', 1, '小说十八史略', '陈舜臣,', 'http://opac.gdufs.edu.cn:8991/F/DV467X8243M3MCJ8FSGRPGJR2NGL253IG4RTHDYM3354CR5CRT-22833?func=direct&doc_number=000379167&format=999&local_base=GWD01', 2010, '20101211 22:00', '20101116 09:02', '', '南校区中文书外借分馆'),
(2141, '20101003608', 1, '这个词原来这样说', '许静', 'http://opac.gdufs.edu.cn:8991/F/GDSHN7RGBLK7X9UMN6LPI6F3D8IUVQP6PPQXX9NXDCKNXXBK5R-04687?func=direct&doc_number=000361798&format=999&local_base=GWD01', 2009, '20101027 22:00', '20101008 20:12', '', '南校区英文书外借分馆'),
(2142, '20101003608', 1, '小说十八史略', '陈舜臣,', 'http://opac.gdufs.edu.cn:8991/F/DV467X8243M3MCJ8FSGRPGJR2NGL253IG4RTHDYM3354CR5CRT-22836?func=direct&doc_number=000379167&format=999&local_base=GWD01', 2010, '20101211 22:00', '20101116 09:02', '', '南校区中文书外借分馆'),
(2143, '20101003608', 1, '倾听奥斯卡', '《疯狂英语》编辑部', 'http://opac.gdufs.edu.cn:8991/F/GDSHN7RGBLK7X9UMN6LPI6F3D8IUVQP6PPQXX9NXDCKNXXBK5R-04690?func=direct&doc_number=000292347&format=999&local_base=GWD01', 2007, '20101027 22:00', '20101012 18:25', '', '南校区英文书外借分馆'),
(2144, '20101003608', 1, '小说十八史略', '陈舜臣,', 'http://opac.gdufs.edu.cn:8991/F/DV467X8243M3MCJ8FSGRPGJR2NGL253IG4RTHDYM3354CR5CRT-22839?func=direct&doc_number=000379167&format=999&local_base=GWD01', 2010, '20101125 22:00', '20101101 11:40', '', '南校区中文书外借分馆'),
(2145, '20101003608', 1, '傲慢与偏见', '奥斯汀', 'http://opac.gdufs.edu.cn:8991/F/GDSHN7RGBLK7X9UMN6LPI6F3D8IUVQP6PPQXX9NXDCKNXXBK5R-04693?func=direct&doc_number=000366218&format=999&local_base=GWD01', 2009, '20101027 22:00', '20101027 08:32', '', '南校区英文书外借分馆'),
(2146, '20101003608', 1, '小说十八史略', '陈舜臣,', 'http://opac.gdufs.edu.cn:8991/F/DV467X8243M3MCJ8FSGRPGJR2NGL253IG4RTHDYM3354CR5CRT-22842?func=direct&doc_number=000379167&format=999&local_base=GWD01', 2010, '20101125 22:00', '20101101 11:40', '', '南校区中文书外借分馆'),
(2147, '20101003608', 1, '设计速写', '文健', 'http://opac.gdufs.edu.cn:8991/F/GDSHN7RGBLK7X9UMN6LPI6F3D8IUVQP6PPQXX9NXDCKNXXBK5R-04696?func=direct&doc_number=000365969&format=999&local_base=GWD01', 2009, '20101027 22:00', '20101027 08:32', '', '南校区中文书外借分馆'),
(2148, '20101003608', 1, '小说十八史略', '陈舜臣,', 'http://opac.gdufs.edu.cn:8991/F/DV467X8243M3MCJ8FSGRPGJR2NGL253IG4RTHDYM3354CR5CRT-22845?func=direct&doc_number=000379167&format=999&local_base=GWD01', 2010, '20101125 22:00', '20101115 09:11', '', '南校区中文书外借分馆'),
(2149, '20101003608', 1, '21天学通C语言', '王正仲', 'http://opac.gdufs.edu.cn:8991/F/GDSHN7RGBLK7X9UMN6LPI6F3D8IUVQP6PPQXX9NXDCKNXXBK5R-04699?func=direct&doc_number=000355664&format=999&local_base=GWD01', 2009, '20101024 22:00', '20101008 20:12', '', '南校区中文书外借分馆'),
(2150, '20101003608', 1, '这个词原来这样说', '许静', 'http://opac.gdufs.edu.cn:8991/F/DV467X8243M3MCJ8FSGRPGJR2NGL253IG4RTHDYM3354CR5CRT-22848?func=direct&doc_number=000361798&format=999&local_base=GWD01', 2009, '20101027 22:00', '20101008 20:12', '', '南校区英文书外借分馆'),
(2151, '20101003608', 1, '梁著作文入门', '梁启超,', 'http://opac.gdufs.edu.cn:8991/F/GDSHN7RGBLK7X9UMN6LPI6F3D8IUVQP6PPQXX9NXDCKNXXBK5R-04702?func=direct&doc_number=000248721&format=999&local_base=GWD01', 2007, '20101024 22:00', '20100926 18:04', '', '南校区中文书外借分馆'),
(2152, '20101003608', 1, '倾听奥斯卡', '《疯狂英语》编辑部', 'http://opac.gdufs.edu.cn:8991/F/DV467X8243M3MCJ8FSGRPGJR2NGL253IG4RTHDYM3354CR5CRT-22851?func=direct&doc_number=000292347&format=999&local_base=GWD01', 2007, '20101027 22:00', '20101012 18:25', '', '南校区英文书外借分馆'),
(2153, '20101003608', 1, '傲慢与偏见', '奥斯汀', 'http://opac.gdufs.edu.cn:8991/F/DV467X8243M3MCJ8FSGRPGJR2NGL253IG4RTHDYM3354CR5CRT-22854?func=direct&doc_number=000366218&format=999&local_base=GWD01', 2009, '20101027 22:00', '20101027 08:32', '', '南校区英文书外借分馆'),
(2154, '20101003608', 1, '设计速写', '文健', 'http://opac.gdufs.edu.cn:8991/F/DV467X8243M3MCJ8FSGRPGJR2NGL253IG4RTHDYM3354CR5CRT-22857?func=direct&doc_number=000365969&format=999&local_base=GWD01', 2009, '20101027 22:00', '20101027 08:32', '', '南校区中文书外借分馆'),
(2155, '20101003608', 1, '21天学通C语言', '王正仲', 'http://opac.gdufs.edu.cn:8991/F/DV467X8243M3MCJ8FSGRPGJR2NGL253IG4RTHDYM3354CR5CRT-22860?func=direct&doc_number=000355664&format=999&local_base=GWD01', 2009, '20101024 22:00', '20101008 20:12', '', '南校区中文书外借分馆'),
(2156, '20101003608', 1, '梁著作文入门', '梁启超,', 'http://opac.gdufs.edu.cn:8991/F/DV467X8243M3MCJ8FSGRPGJR2NGL253IG4RTHDYM3354CR5CRT-22863?func=direct&doc_number=000248721&format=999&local_base=GWD01', 2007, '20101024 22:00', '20100926 18:04', '', '南校区中文书外借分馆'),
(2937, '20111003443', 1, '爱上单片机', '杜洋', 'http://opac.gdufs.edu.cn:8991/F/CIC228SJ3YG3CYDADMKT5BTAVKDK9YEVAG533RS5445VGIRDY8-88188?func=direct&doc_number=000413836&format=999&local_base=GWD01', 2010, '20120709 22:00', '20120910 09:21', '', '南校区中文书外借分馆'),
(2938, '20111003443', 1, '汇编语言', '王爽', 'http://opac.gdufs.edu.cn:8991/F/CIC228SJ3YG3CYDADMKT5BTAVKDK9YEVAG533RS5445VGIRDY8-88191?func=direct&doc_number=000333741&format=999&local_base=GWD01', 2003, '20120709 22:00', '20120910 09:21', '', '南校区中文书外借分馆'),
(2939, '20111003443', 1, '刘心武揭秘红楼梦', '刘心武,', 'http://opac.gdufs.edu.cn:8991/F/CIC228SJ3YG3CYDADMKT5BTAVKDK9YEVAG533RS5445VGIRDY8-88194?func=direct&doc_number=000210281&format=999&local_base=GWD01', 2005, '20120709 22:00', '20120910 09:10', '', '南校区中文书外借分馆'),
(2940, '20111003443', 1, '刘心武揭秘红楼梦', '刘心武,', 'http://opac.gdufs.edu.cn:8991/F/CIC228SJ3YG3CYDADMKT5BTAVKDK9YEVAG533RS5445VGIRDY8-88197?func=direct&doc_number=000210281&format=999&local_base=GWD01', 2005, '20120709 22:00', '20120910 09:16', '', '南校区中文书外借分馆'),
(2941, '20111003443', 1, '大学生就业指导与职业生涯规划', '曲振国', 'http://opac.gdufs.edu.cn:8991/F/CIC228SJ3YG3CYDADMKT5BTAVKDK9YEVAG533RS5445VGIRDY8-88200?func=direct&doc_number=000345349&format=999&local_base=GWD01', 2008, '20120606 22:00', '20120610 08:58', '0.40', '南校区中文书外借分馆'),
(2942, '20111003443', 1, 'CSS入门经典', '约克', 'http://opac.gdufs.edu.cn:8991/F/CIC228SJ3YG3CYDADMKT5BTAVKDK9YEVAG533RS5445VGIRDY8-88203?func=direct&doc_number=000305160&format=999&local_base=GWD01', 2008, '20120606 22:00', '20120610 09:02', '0.40', '南校区中文书外借分馆'),
(2943, '20111003443', 1, '求职，从大一开始', '覃彪喜,', 'http://opac.gdufs.edu.cn:8991/F/CIC228SJ3YG3CYDADMKT5BTAVKDK9YEVAG533RS5445VGIRDY8-88206?func=direct&doc_number=000424181&format=999&local_base=GWD01', 2010, '20120606 22:00', '20120610 09:04', '0.40', '南校区中文书外借分馆'),
(2944, '20111003443', 1, '超越LOGO设计', '艾雷', 'http://opac.gdufs.edu.cn:8991/F/CIC228SJ3YG3CYDADMKT5BTAVKDK9YEVAG533RS5445VGIRDY8-88209?func=direct&doc_number=000420760&format=999&local_base=GWD01', 2011, '20120312 22:00', '20120305 11:15', '', '南校区中文书外借分馆'),
(2945, '20111003443', 1, '平面设计师创意指南', '奥达赫,', 'http://opac.gdufs.edu.cn:8991/F/CIC228SJ3YG3CYDADMKT5BTAVKDK9YEVAG533RS5445VGIRDY8-88212?func=direct&doc_number=000235427&format=999&local_base=GWD01', 2006, '20120312 22:00', '20120305 11:15', '', '南校区中文书外借分馆'),
(2946, '20111003443', 1, '设计基础指南', '克劳斯', 'http://opac.gdufs.edu.cn:8991/F/CIC228SJ3YG3CYDADMKT5BTAVKDK9YEVAG533RS5445VGIRDY8-88215?func=direct&doc_number=000283555&format=999&local_base=GWD01', 2008, '20120312 22:00', '20120305 11:19', '', '南校区中文书外借分馆'),
(2947, '20111003443', 1, 'Java开发之道', '张振坤', 'http://opac.gdufs.edu.cn:8991/F/CIC228SJ3YG3CYDADMKT5BTAVKDK9YEVAG533RS5445VGIRDY8-88218?func=direct&doc_number=000428432&format=999&local_base=GWD01', 2011, '20120312 22:00', '20120305 11:19', '', '南校区中文书外借分馆'),
(2948, '20111003443', 1, 'CSS入门经典', '约克', 'http://opac.gdufs.edu.cn:8991/F/CIC228SJ3YG3CYDADMKT5BTAVKDK9YEVAG533RS5445VGIRDY8-88221?func=direct&doc_number=000305160&format=999&local_base=GWD01', 2008, '20120312 22:00', '20120316 08:53', '0.40', '南校区中文书外借分馆'),
(2949, '20111003443', 1, '美工神话CSS网站布局与美化', '聂小燕', 'http://opac.gdufs.edu.cn:8991/F/CIC228SJ3YG3CYDADMKT5BTAVKDK9YEVAG533RS5445VGIRDY8-88224?func=direct&doc_number=000276163&format=999&local_base=GWD01', 2007, '20111227 22:00', '20111230 10:04', '0.30', '南校区中文书外借分馆'),
(2950, '20111003443', 1, 'CSS实战手册', '麦克法兰', 'http://opac.gdufs.edu.cn:8991/F/CIC228SJ3YG3CYDADMKT5BTAVKDK9YEVAG533RS5445VGIRDY8-88227?func=direct&doc_number=000344562&format=999&local_base=GWD01', 2007, '20111227 22:00', '20111230 10:04', '0.30', '南校区中文书外借分馆'),
(2951, '20111003443', 1, '围城内外', '熊哲宏', 'http://opac.gdufs.edu.cn:8991/F/CIC228SJ3YG3CYDADMKT5BTAVKDK9YEVAG533RS5445VGIRDY8-88230?func=direct&doc_number=000421552&format=999&local_base=GWD01', 2011, '20111117 22:00', '20111117 08:30', '', '南校区中文书外借分馆'),
(2952, '20111003443', 1, '美国短篇小说经典', '冯国超', 'http://opac.gdufs.edu.cn:8991/F/CIC228SJ3YG3CYDADMKT5BTAVKDK9YEVAG533RS5445VGIRDY8-88233?func=direct&doc_number=000100619&format=999&local_base=GWD01', 2001, '20111117 22:00', '20111117 08:30', '', '南校区中文书外借分馆'),
(2953, '20111003443', 1, 'Photoshop CS2中文版四库全书', '雷波', 'http://opac.gdufs.edu.cn:8991/F/CIC228SJ3YG3CYDADMKT5BTAVKDK9YEVAG533RS5445VGIRDY8-88236?func=direct&doc_number=000289459&format=999&local_base=GWD01', 2007, '20111017 22:00', '20111017 09:45', '', '南校区中文书外借分馆'),
(2954, '20111003443', 1, 'Adobe Premier 5.x实例教程', '胡晓冰', 'http://opac.gdufs.edu.cn:8991/F/CIC228SJ3YG3CYDADMKT5BTAVKDK9YEVAG533RS5445VGIRDY8-88239?func=direct&doc_number=000336638&format=999&local_base=GWD01', 2001, '20111017 22:00', '20111017 09:45', '', '南校区中文书外借分馆'),
(6091, '20111003625', 1, 'Android底层接口与驱动开发技术详解', '陈强', 'http://opac.gdufs.edu.cn:8991/F/73195JMN7L51FK43DT9RKAMPJU1HI4Y9GR5AX8IP2N2931YKMS-00701?func=direct&doc_number=000483454&format=999&local_base=GWD01', 2012, '20130917 22:00', '20130917 09:59', '', '南校区中文书外借分馆'),
(6092, '20111003625', 1, '开发自己的搜索引擎', '邱哲', 'http://opac.gdufs.edu.cn:8991/F/73195JMN7L51FK43DT9RKAMPJU1HI4Y9GR5AX8IP2N2931YKMS-00704?func=direct&doc_number=000414513&format=999&local_base=GWD01', 2010, '20130917 22:00', '20130917 10:00', '', '北校区中文书外借分馆'),
(6093, '20111003625', 1, '清词丛论', '叶嘉莹,', 'http://opac.gdufs.edu.cn:8991/F/73195JMN7L51FK43DT9RKAMPJU1HI4Y9GR5AX8IP2N2931YKMS-00707?func=direct&doc_number=000094400&format=999&local_base=GWD01', 2000, '20130917 22:00', '20130917 10:00', '', '南校区中文书外借分馆'),
(6094, '20111003625', 1, 'Linux Shell脚本攻略', '拉克什曼', 'http://opac.gdufs.edu.cn:8991/F/73195JMN7L51FK43DT9RKAMPJU1HI4Y9GR5AX8IP2N2931YKMS-00710?func=direct&doc_number=000490120&format=999&local_base=GWD01', 2011, '20130917 22:00', '20130917 10:00', '', '南校区中文书外借分馆'),
(6095, '20111003625', 1, 'Android内核剖析', '柯元旦,', 'http://opac.gdufs.edu.cn:8991/F/73195JMN7L51FK43DT9RKAMPJU1HI4Y9GR5AX8IP2N2931YKMS-00713?func=direct&doc_number=000471590&format=999&local_base=GWD01', 2011, '20130917 22:00', '20130917 10:00', '', '南校区中文书外借分馆'),
(6096, '20111003625', 1, 'Visual C++数据库系统开发完全手册', '王瑞', 'http://opac.gdufs.edu.cn:8991/F/73195JMN7L51FK43DT9RKAMPJU1HI4Y9GR5AX8IP2N2931YKMS-00716?func=direct&doc_number=000223553&format=999&local_base=GWD01', 2006, '20130617 22:00', '20130530 14:55', '', '南校区中文书外借分馆'),
(6097, '20111003625', 1, 'Visual C++网络通信开发入门与编程实践', '李媛媛', 'http://opac.gdufs.edu.cn:8991/F/73195JMN7L51FK43DT9RKAMPJU1HI4Y9GR5AX8IP2N2931YKMS-00719?func=direct&doc_number=000355587&format=999&local_base=GWD01', 2008, '20130617 22:00', '20130530 14:55', '', '南校区中文书外借分馆'),
(6098, '20111003625', 1, 'C++ Templates中文版', '范德沃尔德', 'http://opac.gdufs.edu.cn:8991/F/73195JMN7L51FK43DT9RKAMPJU1HI4Y9GR5AX8IP2N2931YKMS-00722?func=direct&doc_number=000296733&format=999&local_base=GWD01', 2008, '20130613 22:00', '20130614 09:16', '', '南校区中文书外借分馆'),
(6099, '20111003625', 1, 'C++算法', '塞奇威克,', 'http://opac.gdufs.edu.cn:8991/F/73195JMN7L51FK43DT9RKAMPJU1HI4Y9GR5AX8IP2N2931YKMS-00725?func=direct&doc_number=000333266&format=999&local_base=GWD01', 2003, '20130610 22:00', '20130614 09:16', '', '南校区中文书外借分馆'),
(6100, '20111003625', 1, 'ACM国际大学生程序设计竞赛题解', '赵端阳', 'http://opac.gdufs.edu.cn:8991/F/73195JMN7L51FK43DT9RKAMPJU1HI4Y9GR5AX8IP2N2931YKMS-00728?func=direct&doc_number=000412549&format=999&local_base=GWD01', 2010, '20130602 22:00', '20130609 10:09', '', '南校区中文书外借分馆'),
(6101, '20111003625', 1, 'Linux内核修炼之道', '任桥伟', 'http://opac.gdufs.edu.cn:8991/F/73195JMN7L51FK43DT9RKAMPJU1HI4Y9GR5AX8IP2N2931YKMS-00731?func=direct&doc_number=000413835&format=999&local_base=GWD01', 2010, '20130602 22:00', '20130609 10:09', '', '南校区中文书外借分馆'),
(6102, '20111003625', 1, 'Visual C++网络通信编程实用案例精选', '丁展', 'http://opac.gdufs.edu.cn:8991/F/73195JMN7L51FK43DT9RKAMPJU1HI4Y9GR5AX8IP2N2931YKMS-00734?func=direct&doc_number=000335257&format=999&local_base=GWD01', 2004, '20130523 22:00', '20130530 13:04', '', '南校区中文书外借分馆'),
(6103, '20111003625', 1, 'Visual C++数据库编程技术与实例', '沈炜', 'http://opac.gdufs.edu.cn:8991/F/73195JMN7L51FK43DT9RKAMPJU1HI4Y9GR5AX8IP2N2931YKMS-00737?func=direct&doc_number=000202774&format=999&local_base=GWD01', 2005, '20130523 22:00', '20130530 13:04', '', '南校区中文书外借分馆'),
(6104, '20111003625', 1, 'Visual C++ 6 DCOM开发指南', '马洛尼', 'http://opac.gdufs.edu.cn:8991/F/73195JMN7L51FK43DT9RKAMPJU1HI4Y9GR5AX8IP2N2931YKMS-00740?func=direct&doc_number=000332912&format=999&local_base=GWD01', 2000, '20130523 22:00', '20130504 14:03', '', '南校区中文书外借分馆'),
(6105, '20111003625', 1, 'Google Android SDK开发范例大全', '余志龙', 'http://opac.gdufs.edu.cn:8991/F/73195JMN7L51FK43DT9RKAMPJU1HI4Y9GR5AX8IP2N2931YKMS-00743?func=direct&doc_number=000420745&format=999&local_base=GWD01', 2010, '20130511 22:00', '20130511 12:58', '', '南校区中文书外借分馆'),
(6106, '20111003625', 1, 'Linux内核完全注释', '赵炯', 'http://opac.gdufs.edu.cn:8991/F/73195JMN7L51FK43DT9RKAMPJU1HI4Y9GR5AX8IP2N2931YKMS-00746?func=direct&doc_number=000311649&format=999&local_base=GWD01', 2004, '20130511 22:00', '20130511 12:59', '', '南校区中文书外借分馆'),
(6107, '20111003625', 1, 'Visual C++游戏开发技术与实例', '丁展', 'http://opac.gdufs.edu.cn:8991/F/73195JMN7L51FK43DT9RKAMPJU1HI4Y9GR5AX8IP2N2931YKMS-00749?func=direct&doc_number=000202755&format=999&local_base=GWD01', 2005, '20130504 22:00', '20130424 15:31', '', '南校区中文书外借分馆'),
(6108, '20111003625', 1, 'Essential C++中文版', 'Lippman', 'http://opac.gdufs.edu.cn:8991/F/73195JMN7L51FK43DT9RKAMPJU1HI4Y9GR5AX8IP2N2931YKMS-00752?func=direct&doc_number=000063994&format=999&local_base=GWD01', 2001, '20130504 22:00', '20130424 15:31', '', '南校区中文书外借分馆'),
(6109, '20111003625', 1, '堂吉诃德', '塞万提斯,', 'http://opac.gdufs.edu.cn:8991/F/73195JMN7L51FK43DT9RKAMPJU1HI4Y9GR5AX8IP2N2931YKMS-00755?func=direct&doc_number=000088272&format=999&local_base=GWD01', 1987, '20130504 22:00', '20130511 12:58', '', '南校区中文书外借分馆'),
(6110, '20111003625', 1, 'Visual C++最新编程实践与技巧', '李明柱', 'http://opac.gdufs.edu.cn:8991/F/73195JMN7L51FK43DT9RKAMPJU1HI4Y9GR5AX8IP2N2931YKMS-00758?func=direct&doc_number=000332997&format=999&local_base=GWD01', 2000, '20130504 22:00', '20130511 12:58', '', '南校区中文书外借分馆'),
(6111, '20111003625', 1, 'PHP5应用实例详解', '王志刚', 'http://opac.gdufs.edu.cn:8991/F/73195JMN7L51FK43DT9RKAMPJU1HI4Y9GR5AX8IP2N2931YKMS-00761?func=direct&doc_number=000415626&format=999&local_base=GWD01', 2010, '20130430 22:00', '20130424 15:30', '', '南校区中文书外借分馆'),
(6112, '20111003625', 1, 'DirectX游戏开发终极指南', '谢罗德', 'http://opac.gdufs.edu.cn:8991/F/73195JMN7L51FK43DT9RKAMPJU1HI4Y9GR5AX8IP2N2931YKMS-00764?func=direct&doc_number=000310765&format=999&local_base=GWD01', 2008, '20130430 22:00', '20130504 14:03', '0.10', '南校区中文书外借分馆'),
(6113, '20111003625', 1, 'Web数据挖掘', '刘兵', 'http://opac.gdufs.edu.cn:8991/F/73195JMN7L51FK43DT9RKAMPJU1HI4Y9GR5AX8IP2N2931YKMS-00767?func=direct&doc_number=000356483&format=999&local_base=GWD01', 2009, '20130403 22:00', '20130412 15:30', '', '南校区中文书外借分馆'),
(6114, '20111003625', 1, 'DirectX游戏开发终极指南', '谢罗德', 'http://opac.gdufs.edu.cn:8991/F/73195JMN7L51FK43DT9RKAMPJU1HI4Y9GR5AX8IP2N2931YKMS-00770?func=direct&doc_number=000310765&format=999&local_base=GWD01', 2008, '20130327 22:00', '20130401 15:26', '', '南校区中文书外借分馆'),
(6115, '20111003625', 1, 'PHP5+MySQL网站开发基础与应用', '翁烨晖', 'http://opac.gdufs.edu.cn:8991/F/73195JMN7L51FK43DT9RKAMPJU1HI4Y9GR5AX8IP2N2931YKMS-00773?func=direct&doc_number=000356036&format=999&local_base=GWD01', 2008, '20130327 22:00', '20130401 15:25', '', '南校区中文书外借分馆'),
(6116, '20111003625', 1, 'Visual C++编程篇', '<BR>', 'http://opac.gdufs.edu.cn:8991/F/73195JMN7L51FK43DT9RKAMPJU1HI4Y9GR5AX8IP2N2931YKMS-00776?func=direct&doc_number=000330698&format=999&local_base=GWD01', 2004, '20130310 22:00', '20130102 17:00', '', '南校区中文书外借分馆'),
(6117, '20111003625', 1, 'Java编程技术全接触', '孙一林', 'http://opac.gdufs.edu.cn:8991/F/73195JMN7L51FK43DT9RKAMPJU1HI4Y9GR5AX8IP2N2931YKMS-00779?func=direct&doc_number=000356366&format=999&local_base=GWD01', 2008, '20130310 22:00', '20130113 17:10', '', '南校区中文书外借分馆'),
(6118, '20111003625', 1, 'ACM程序设计', '曾棕根', 'http://opac.gdufs.edu.cn:8991/F/73195JMN7L51FK43DT9RKAMPJU1HI4Y9GR5AX8IP2N2931YKMS-00782?func=direct&doc_number=000313624&format=999&local_base=GWD01', 2008, '20130310 22:00', '20130226 16:08', '', '南校区中文书外借分馆'),
(6119, '20111003625', 1, 'Linux系统下C程序开发详解', '徐磊', 'http://opac.gdufs.edu.cn:8991/F/73195JMN7L51FK43DT9RKAMPJU1HI4Y9GR5AX8IP2N2931YKMS-00785?func=direct&doc_number=000304692&format=999&local_base=GWD01', 2008, '20130310 22:00', '20130226 16:08', '', '南校区中文书外借分馆'),
(6120, '20111003625', 1, 'Ubuntu Linux从入门到精通', '郝铃', 'http://opac.gdufs.edu.cn:8991/F/73195JMN7L51FK43DT9RKAMPJU1HI4Y9GR5AX8IP2N2931YKMS-00788?func=direct&doc_number=000313686&format=999&local_base=GWD01', 2009, '20130310 22:00', '20130226 16:09', '', '南校区中文书外借分馆'),
(6121, '20111003625', 1, 'PHP经典实例', '休斯,', 'http://opac.gdufs.edu.cn:8991/F/73195JMN7L51FK43DT9RKAMPJU1HI4Y9GR5AX8IP2N2931YKMS-00791?func=direct&doc_number=000106043&format=999&local_base=GWD01', 2003, '20130310 22:00', '20130226 16:09', '', '南校区中文书外借分馆'),
(6122, '20111003625', 1, 'C++经典问答', '克莱因,', 'http://opac.gdufs.edu.cn:8991/F/73195JMN7L51FK43DT9RKAMPJU1HI4Y9GR5AX8IP2N2931YKMS-00794?func=direct&doc_number=000124006&format=999&local_base=GWD01', 2003, '20130310 22:00', '20130110 18:44', '', '南校区中文书外借分馆'),
(6123, '20111003625', 1, '一九八四', '奥威尔', 'http://opac.gdufs.edu.cn:8991/F/73195JMN7L51FK43DT9RKAMPJU1HI4Y9GR5AX8IP2N2931YKMS-00797?func=direct&doc_number=000252283&format=999&local_base=GWD01', 2006, '20130310 22:00', '20130104 17:07', '', '南校区中文书外借分馆'),
(6124, '20111003625', 1, '王小波散文', '王小波,', 'http://opac.gdufs.edu.cn:8991/F/73195JMN7L51FK43DT9RKAMPJU1HI4Y9GR5AX8IP2N2931YKMS-00800?func=direct&doc_number=000286324&format=999&local_base=GWD01', 2008, '20130310 22:00', '20130104 17:08', '', '南校区中文书外借分馆'),
(6125, '20111003625', 1, 'Linux 网络编程', '张斌', 'http://opac.gdufs.edu.cn:8991/F/73195JMN7L51FK43DT9RKAMPJU1HI4Y9GR5AX8IP2N2931YKMS-00803?func=direct&doc_number=000333955&format=999&local_base=GWD01', 2000, '20130310 22:00', '20130116 18:50', '', '南校区中文书外借分馆'),
(6126, '20111003625', 1, '数据结构与面向对象程序设计', '迈因,', 'http://opac.gdufs.edu.cn:8991/F/73195JMN7L51FK43DT9RKAMPJU1HI4Y9GR5AX8IP2N2931YKMS-00806?func=direct&doc_number=000269972&format=999&local_base=GWD01', 2007, '20130310 22:00', '20130317 10:19', '0.70', '南校区中文书外借分馆'),
(6127, '20111003625', 1, 'Linux培训教程', '何明', 'http://opac.gdufs.edu.cn:8991/F/73195JMN7L51FK43DT9RKAMPJU1HI4Y9GR5AX8IP2N2931YKMS-00809?func=direct&doc_number=000441942&format=999&local_base=GWD01', 2011, '20130310 22:00', '20130317 10:19', '0.70', '南校区中文书外借分馆'),
(6128, '20111003625', 1, '思科网络实验室CCNA实验指南', '梁广民', 'http://opac.gdufs.edu.cn:8991/F/73195JMN7L51FK43DT9RKAMPJU1HI4Y9GR5AX8IP2N2931YKMS-00812?func=direct&doc_number=000432996&format=999&local_base=GWD01', 2009, '20130310 22:00', '20130317 10:20', '0.70', '南校区中文书外借分馆'),
(6129, '20111003625', 1, '去中国的小船', '村上春树,', 'http://opac.gdufs.edu.cn:8991/F/73195JMN7L51FK43DT9RKAMPJU1HI4Y9GR5AX8IP2N2931YKMS-00815?func=direct&doc_number=000354292&format=999&local_base=GWD01', 2008, '20130119 22:00', '20121225 20:00', '', '南校区中文书外借分馆'),
(6130, '20111003625', 1, '了不起的盖茨比', '菲茨杰拉尔德', 'http://opac.gdufs.edu.cn:8991/F/73195JMN7L51FK43DT9RKAMPJU1HI4Y9GR5AX8IP2N2931YKMS-00818?func=direct&doc_number=000270956&format=999&local_base=GWD01', 2006, '20130119 22:00', '20121225 20:00', '', '南校区中文书外借分馆'),
(6131, '20111003625', 1, '文心雕龍札記', '黄侃,', 'http://opac.gdufs.edu.cn:8991/F/73195JMN7L51FK43DT9RKAMPJU1HI4Y9GR5AX8IP2N2931YKMS-00821?func=direct&doc_number=000299969&format=999&local_base=GWD01', 2006, '20130118 22:00', '20121225 19:59', '', '南校区中文书外借分馆'),
(6132, '20111003625', 1, '汇编语言与计算机系统组成', '李心广', 'http://opac.gdufs.edu.cn:8991/F/73195JMN7L51FK43DT9RKAMPJU1HI4Y9GR5AX8IP2N2931YKMS-00824?func=direct&doc_number=000361732&format=999&local_base=GWD01', 2009, '20130118 22:00', '20121221 11:38', '', '南校区中文书外借分馆'),
(6133, '20111003625', 1, '百年孤独', '加西亚·马克斯', 'http://opac.gdufs.edu.cn:8991/F/73195JMN7L51FK43DT9RKAMPJU1HI4Y9GR5AX8IP2N2931YKMS-00827?func=direct&doc_number=000432514&format=999&local_base=GWD01', 2011, '20130118 22:00', '20121221 11:38', '', '南校区中文书外借分馆'),
(6134, '20111003625', 1, 'ACM程序设计竞赛基础教程', '俞经善', 'http://opac.gdufs.edu.cn:8991/F/73195JMN7L51FK43DT9RKAMPJU1HI4Y9GR5AX8IP2N2931YKMS-00830?func=direct&doc_number=000413496&format=999&local_base=GWD01', 2010, '20130111 22:00', '20130114 10:33', '0.30', '南校区中文书外借分馆'),
(6135, '20111003625', 1, '精通Windows Sockets网络开发', '孙海民', 'http://opac.gdufs.edu.cn:8991/F/73195JMN7L51FK43DT9RKAMPJU1HI4Y9GR5AX8IP2N2931YKMS-00833?func=direct&doc_number=000355638&format=999&local_base=GWD01', 2008, '20130111 22:00', '20130110 18:44', '', '南校区中文书外借分馆'),
(6136, '20111003625', 1, 'PHP+MySQL专家编程', '库廖索', 'http://opac.gdufs.edu.cn:8991/F/73195JMN7L51FK43DT9RKAMPJU1HI4Y9GR5AX8IP2N2931YKMS-00836?func=direct&doc_number=000472170&format=999&local_base=GWD01', 2011, '20130104 22:00', '20121213 14:36', '', '南校区中文书外借分馆'),
(6137, '20111003625', 1, '天书夜读', '谭文', 'http://opac.gdufs.edu.cn:8991/F/73195JMN7L51FK43DT9RKAMPJU1HI4Y9GR5AX8IP2N2931YKMS-00839?func=direct&doc_number=000435298&format=999&local_base=GWD01', 2008, '20130104 22:00', '20121213 14:37', '', '南校区中文书外借分馆'),
(6138, '20111003625', 1, 'PHP+MySQL八大动态Web应用实战', '培根', 'http://opac.gdufs.edu.cn:8991/F/73195JMN7L51FK43DT9RKAMPJU1HI4Y9GR5AX8IP2N2931YKMS-00842?func=direct&doc_number=000355522&format=999&local_base=GWD01', 2008, '20121222 22:00', '20121219 19:09', '', '南校区中文书外借分馆'),
(6139, '20111003625', 1, 'HTML与CSS入门经典', '奥利弗', 'http://opac.gdufs.edu.cn:8991/F/73195JMN7L51FK43DT9RKAMPJU1HI4Y9GR5AX8IP2N2931YKMS-00845?func=direct&doc_number=000276253&format=999&local_base=GWD01', 2007, '20121222 22:00', '20121213 14:35', '', '南校区中文书外借分馆'),
(6140, '20111003625', 1, 'Java高级编程', '斯佩尔', 'http://opac.gdufs.edu.cn:8991/F/73195JMN7L51FK43DT9RKAMPJU1HI4Y9GR5AX8IP2N2931YKMS-00848?func=direct&doc_number=000281126&format=999&local_base=GWD01', 2006, '20121222 22:00', '20121213 14:35', '', '南校区中文书外借分馆'),
(6141, '20111003625', 1, '精通Windows程序设计', '朱娜敏', 'http://opac.gdufs.edu.cn:8991/F/73195JMN7L51FK43DT9RKAMPJU1HI4Y9GR5AX8IP2N2931YKMS-00851?func=direct&doc_number=000355422&format=999&local_base=GWD01', 2009, '20121222 22:00', '20121213 14:37', '', '南校区中文书外借分馆'),
(6142, '20111003625', 1, '人间最美纳兰词', '梦江南', 'http://opac.gdufs.edu.cn:8991/F/73195JMN7L51FK43DT9RKAMPJU1HI4Y9GR5AX8IP2N2931YKMS-00854?func=direct&doc_number=000434117&format=999&local_base=GWD01', 2011, '20121222 22:00', '20121129 11:42', '', '南校区中文书外借分馆'),
(6143, '20111003625', 1, '计算机算法与实践教程', '徐保民', 'http://opac.gdufs.edu.cn:8991/F/73195JMN7L51FK43DT9RKAMPJU1HI4Y9GR5AX8IP2N2931YKMS-00857?func=direct&doc_number=000312530&format=999&local_base=GWD01', 2007, '20121215 22:00', '20121213 14:36', '', '南校区中文书外借分馆'),
(6144, '20111003625', 1, 'Visual C++开发经典模式与实例', '张学志', 'http://opac.gdufs.edu.cn:8991/F/73195JMN7L51FK43DT9RKAMPJU1HI4Y9GR5AX8IP2N2931YKMS-00860?func=direct&doc_number=000333621&format=999&local_base=GWD01', 2007, '20121215 22:00', '20121123 16:06', '', '南校区中文书外借分馆'),
(6145, '20111003625', 1, 'PHP+Ajax Web 2.0编程技术与项目开发大全', '叶新伟', 'http://opac.gdufs.edu.cn:8991/F/73195JMN7L51FK43DT9RKAMPJU1HI4Y9GR5AX8IP2N2931YKMS-00863?func=direct&doc_number=000304626&format=999&local_base=GWD01', 2008, '20121215 22:00', '20121123 16:07', '', '南校区中文书外借分馆'),
(6146, '20111003625', 1, '迦陵詩詞稿', '叶嘉莹,', 'http://opac.gdufs.edu.cn:8991/F/73195JMN7L51FK43DT9RKAMPJU1HI4Y9GR5AX8IP2N2931YKMS-00866?func=direct&doc_number=000260452&format=999&local_base=GWD01', 2007, '20121212 22:00', '20121123 16:06', '', '南校区中文书外借分馆'),
(6147, '20111003625', 1, 'Gone with the wind /', 'Mitchell, Margaret,', 'http://opac.gdufs.edu.cn:8991/F/73195JMN7L51FK43DT9RKAMPJU1HI4Y9GR5AX8IP2N2931YKMS-00869?func=direct&doc_number=000110810&format=999&local_base=GWD09', 2008, '20121212 22:00', '20121203 16:56', '', '南校区英文书外借分馆'),
(6148, '20111003625', 1, '谁道人间秋已尽', '王国维,', 'http://opac.gdufs.edu.cn:8991/F/73195JMN7L51FK43DT9RKAMPJU1HI4Y9GR5AX8IP2N2931YKMS-00872?func=direct&doc_number=000387098&format=999&local_base=GWD01', 2009, '20121209 22:00', '20121123 16:06', '', '南校区中文书外借分馆'),
(6149, '20111003625', 1, 'MFC Windows应用程序设计', '任哲', 'http://opac.gdufs.edu.cn:8991/F/73195JMN7L51FK43DT9RKAMPJU1HI4Y9GR5AX8IP2N2931YKMS-00875?func=direct&doc_number=000333258&format=999&local_base=GWD01', 2004, '20121209 22:00', '20121116 13:42', '', '南校区中文书外借分馆'),
(6150, '20111003625', 1, 'Visual C++网络通信开发入门与编程实践', '李媛媛', 'http://opac.gdufs.edu.cn:8991/F/73195JMN7L51FK43DT9RKAMPJU1HI4Y9GR5AX8IP2N2931YKMS-00878?func=direct&doc_number=000355587&format=999&local_base=GWD01', 2008, '20121127 22:00', '20121110 09:39', '', '南校区中文书外借分馆'),
(6151, '20111003625', 1, 'C++算法', '塞奇威克,', 'http://opac.gdufs.edu.cn:8991/F/73195JMN7L51FK43DT9RKAMPJU1HI4Y9GR5AX8IP2N2931YKMS-00881?func=direct&doc_number=000333266&format=999&local_base=GWD01', 2003, '20121127 22:00', '20121113 15:35', '', '南校区中文书外借分馆'),
(6152, '20111003625', 1, 'Visual C++游戏开发技术与实例', '丁展', 'http://opac.gdufs.edu.cn:8991/F/73195JMN7L51FK43DT9RKAMPJU1HI4Y9GR5AX8IP2N2931YKMS-00884?func=direct&doc_number=000202755&format=999&local_base=GWD01', 2005, '20121126 22:00', '20121205 14:49', '0.90', '南校区中文书外借分馆'),
(6153, '20111003625', 1, 'PHP必须知道的300个问题', '潘凯华', 'http://opac.gdufs.edu.cn:8991/F/73195JMN7L51FK43DT9RKAMPJU1HI4Y9GR5AX8IP2N2931YKMS-00887?func=direct&doc_number=000476309&format=999&local_base=GWD01', 2012, '20121124 22:00', '20121110 09:39', '', '南校区中文书外借分馆'),
(6154, '20111003625', 1, '独门架构', '李宁', 'http://opac.gdufs.edu.cn:8991/F/73195JMN7L51FK43DT9RKAMPJU1HI4Y9GR5AX8IP2N2931YKMS-00890?func=direct&doc_number=000415529&format=999&local_base=GWD01', 2010, '20121117 22:00', '20121110 09:39', '', '南校区中文书外借分馆'),
(6155, '20111003625', 1, 'Java语言程序设计', '梁,', 'http://opac.gdufs.edu.cn:8991/F/73195JMN7L51FK43DT9RKAMPJU1HI4Y9GR5AX8IP2N2931YKMS-00893?func=direct&doc_number=000333049&format=999&local_base=GWD01', 2004, '20121117 22:00', '20121116 13:43', '', '南校区中文书外借分馆'),
(6156, '20111003625', 1, 'Visual C++网络通信编程实用案例精选', '丁展', 'http://opac.gdufs.edu.cn:8991/F/73195JMN7L51FK43DT9RKAMPJU1HI4Y9GR5AX8IP2N2931YKMS-00896?func=direct&doc_number=000335257&format=999&local_base=GWD01', 2004, '20121117 22:00', '20121116 13:43', '', '南校区中文书外借分馆'),
(6157, '20111003625', 1, '算法', '塞奇威克,', 'http://opac.gdufs.edu.cn:8991/F/73195JMN7L51FK43DT9RKAMPJU1HI4Y9GR5AX8IP2N2931YKMS-00899?func=direct&doc_number=000368689&format=999&local_base=GWD01', 2009, '20121117 22:00', '20121116 13:43', '', '南校区中文书外借分馆'),
(6158, '20111003625', 1, '《人间词话》《人间词》注评', '陈鸿祥', 'http://opac.gdufs.edu.cn:8991/F/73195JMN7L51FK43DT9RKAMPJU1HI4Y9GR5AX8IP2N2931YKMS-00902?func=direct&doc_number=000087666&format=999&local_base=GWD01', 2002, '20121028 22:00', '20121028 15:33', '', '南校区中文书外借分馆'),
(6159, '20111003625', 1, 'Visual C++权威剖析', '辛长安', 'http://opac.gdufs.edu.cn:8991/F/73195JMN7L51FK43DT9RKAMPJU1HI4Y9GR5AX8IP2N2931YKMS-00905?func=direct&doc_number=000305553&format=999&local_base=GWD01', 2008, '20121028 22:00', '20121029 19:04', '0.10', '南校区中文书外借分馆'),
(6160, '20111003625', 1, 'Visual C++网络通信开发入门与编程实践', '李媛媛', 'http://opac.gdufs.edu.cn:8991/F/73195JMN7L51FK43DT9RKAMPJU1HI4Y9GR5AX8IP2N2931YKMS-00908?func=direct&doc_number=000355587&format=999&local_base=GWD01', 2008, '20121028 22:00', '20121029 19:04', '0.10', '南校区中文书外借分馆'),
(6161, '20111003625', 1, 'Visual C++ 6.0编程案例精解', '张宏军', 'http://opac.gdufs.edu.cn:8991/F/73195JMN7L51FK43DT9RKAMPJU1HI4Y9GR5AX8IP2N2931YKMS-00911?func=direct&doc_number=000336601&format=999&local_base=GWD01', 2005, '20121016 22:00', '20121019 11:39', '0.30', '南校区中文书外借分馆'),
(6162, '20111003625', 1, 'Visual C++ 6.0完全自学宝典', '朱洪波', 'http://opac.gdufs.edu.cn:8991/F/73195JMN7L51FK43DT9RKAMPJU1HI4Y9GR5AX8IP2N2931YKMS-00914?func=direct&doc_number=000356369&format=999&local_base=GWD01', 2008, '20121016 22:00', '20121019 11:39', '0.30', '南校区中文书外借分馆'),
(6163, '20111003625', 1, 'Java编程技术全接触', '孙一林', 'http://opac.gdufs.edu.cn:8991/F/73195JMN7L51FK43DT9RKAMPJU1HI4Y9GR5AX8IP2N2931YKMS-00917?func=direct&doc_number=000356366&format=999&local_base=GWD01', 2008, '20121014 22:00', '20120929 16:11', '', '南校区中文书外借分馆'),
(6164, '20111003625', 1, '清史资料', '中国社会科学院历史研究所清史研究室', 'http://opac.gdufs.edu.cn:8991/F/73195JMN7L51FK43DT9RKAMPJU1HI4Y9GR5AX8IP2N2931YKMS-00920?func=direct&doc_number=000143349&format=999&local_base=GWD01', 1980, '20121008 22:00', '20120917 18:48', '', '南校区中文书外借分馆'),
(6165, '20111003625', 1, '清词丛论', '叶嘉莹,', 'http://opac.gdufs.edu.cn:8991/F/73195JMN7L51FK43DT9RKAMPJU1HI4Y9GR5AX8IP2N2931YKMS-00923?func=direct&doc_number=000094400&format=999&local_base=GWD01', 2000, '20121008 22:00', '20120917 18:48', '', '南校区中文书外借分馆'),
(6166, '20111003625', 1, 'C++高级编程', '索尔特,', 'http://opac.gdufs.edu.cn:8991/F/73195JMN7L51FK43DT9RKAMPJU1HI4Y9GR5AX8IP2N2931YKMS-00926?func=direct&doc_number=000223504&format=999&local_base=GWD01', 2006, '20121008 22:00', '20120929 16:11', '', '南校区中文书外借分馆'),
(6167, '20111003625', 1, 'Visual C++案例开发', '林青松', 'http://opac.gdufs.edu.cn:8991/F/73195JMN7L51FK43DT9RKAMPJU1HI4Y9GR5AX8IP2N2931YKMS-00929?func=direct&doc_number=000123010&format=999&local_base=GWD01', 2005, '20121008 22:00', '20121019 11:39', '1.10', '南校区中文书外借分馆'),
(6168, '20111003625', 1, '精通JS脚本之jQuery框架', '王伟平', 'http://opac.gdufs.edu.cn:8991/F/73195JMN7L51FK43DT9RKAMPJU1HI4Y9GR5AX8IP2N2931YKMS-00932?func=direct&doc_number=000437455&format=999&local_base=GWD01', 2011, '20120926 22:00', '20120915 19:25', '', '南校区中文书外借分馆'),
(6169, '20111003625', 1, '精通Windows API', '范文庆', 'http://opac.gdufs.edu.cn:8991/F/73195JMN7L51FK43DT9RKAMPJU1HI4Y9GR5AX8IP2N2931YKMS-00935?func=direct&doc_number=000355977&format=999&local_base=GWD01', 2009, '20120926 22:00', '20120917 18:48', '', '南校区中文书外借分馆'),
(6170, '20111003625', 1, 'Visual C++高级编程', '张力,', 'http://opac.gdufs.edu.cn:8991/F/73195JMN7L51FK43DT9RKAMPJU1HI4Y9GR5AX8IP2N2931YKMS-00938?func=direct&doc_number=000336617&format=999&local_base=GWD01', 2002, '20120926 22:00', '20120929 19:15', '0.30', '南校区中文书外借分馆'),
(6171, '20111003625', 1, 'jQuery基础教程', '查弗', 'http://opac.gdufs.edu.cn:8991/F/73195JMN7L51FK43DT9RKAMPJU1HI4Y9GR5AX8IP2N2931YKMS-00941?func=direct&doc_number=000304319&format=999&local_base=GWD01', 2008, '20120926 22:00', '20120929 16:10', '0.30', '南校区中文书外借分馆'),
(6172, '20111003625', 1, '宋词通论', '薛砺若', 'http://opac.gdufs.edu.cn:8991/F/73195JMN7L51FK43DT9RKAMPJU1HI4Y9GR5AX8IP2N2931YKMS-00944?func=direct&doc_number=000339837&format=999&local_base=GWD01', 2008, '20120917 22:00', '20120709 19:32', '', '南校区中文书外借分馆'),
(6173, '20111003625', 1, '清代词选研究', '李睿', 'http://opac.gdufs.edu.cn:8991/F/73195JMN7L51FK43DT9RKAMPJU1HI4Y9GR5AX8IP2N2931YKMS-00947?func=direct&doc_number=000468875&format=999&local_base=GWD01', 2011, '20120917 22:00', '20120709 19:32', '', '南校区中文书外借分馆'),
(6174, '20111003625', 1, 'C++程序设计语言题解', '范德伍尔杜', 'http://opac.gdufs.edu.cn:8991/F/73195JMN7L51FK43DT9RKAMPJU1HI4Y9GR5AX8IP2N2931YKMS-00950?func=direct&doc_number=000333252&format=999&local_base=GWD01', 2003, '20120917 22:00', '20120902 13:48', '', '南校区中文书外借分馆'),
(6175, '20111003625', 1, 'Effective C++', '迈耶斯', 'http://opac.gdufs.edu.cn:8991/F/73195JMN7L51FK43DT9RKAMPJU1HI4Y9GR5AX8IP2N2931YKMS-00953?func=direct&doc_number=000246591&format=999&local_base=GWD01', 2006, '20120917 22:00', '20120902 13:23', '', '南校区中文书外借分馆'),
(6176, '20111003625', 1, 'Visual C++面向对象编程教程', '王育坚', 'http://opac.gdufs.edu.cn:8991/F/73195JMN7L51FK43DT9RKAMPJU1HI4Y9GR5AX8IP2N2931YKMS-00956?func=direct&doc_number=000296794&format=999&local_base=GWD01', 2007, '20120917 22:00', '20120902 13:23', '', '南校区中文书外借分馆'),
(6177, '20111003625', 1, '21天学通JavaScript', '杨贵', 'http://opac.gdufs.edu.cn:8991/F/73195JMN7L51FK43DT9RKAMPJU1HI4Y9GR5AX8IP2N2931YKMS-00959?func=direct&doc_number=000355661&format=999&local_base=GWD01', 2009, '20120917 22:00', '20120828 09:28', '', '南校区中文书外借分馆'),
(6178, '20111003625', 1, '历代小说选', '吴组缃', 'http://opac.gdufs.edu.cn:8991/F/73195JMN7L51FK43DT9RKAMPJU1HI4Y9GR5AX8IP2N2931YKMS-00962?func=direct&doc_number=000139491&format=999&local_base=GWD01', 1982, '20120917 22:00', '20120828 14:55', '', '南校区中文书外借分馆'),
(6179, '20111003625', 1, 'Visual C++权威剖析', '辛长安', 'http://opac.gdufs.edu.cn:8991/F/73195JMN7L51FK43DT9RKAMPJU1HI4Y9GR5AX8IP2N2931YKMS-00965?func=direct&doc_number=000305553&format=999&local_base=GWD01', 2008, '20120917 22:00', '20120828 14:55', '', '南校区中文书外借分馆'),
(6180, '20111003625', 1, 'Java Swing图形界面开发与案例详解', '王鹏', 'http://opac.gdufs.edu.cn:8991/F/73195JMN7L51FK43DT9RKAMPJU1HI4Y9GR5AX8IP2N2931YKMS-00968?func=direct&doc_number=000356298&format=999&local_base=GWD01', 2008, '20120917 22:00', '20120828 14:55', '', '南校区中文书外借分馆');
INSERT INTO `gw_history` (`id`, `studentNumber`, `schoolId`, `title`, `author`, `url`, `publishYear`, `limitTime`, `returnTime`, `payment`, `location`) VALUES
(6181, '20111003625', 1, '高等数学习题全解指南', '同济大学应用数学系', 'http://opac.gdufs.edu.cn:8991/F/73195JMN7L51FK43DT9RKAMPJU1HI4Y9GR5AX8IP2N2931YKMS-00971?func=direct&doc_number=000117162&format=999&local_base=GWD01', 2003, '20120917 22:00', '20120701 15:36', '', '南校区中文书外借分馆'),
(6182, '20111003625', 1, 'JavaScript实例自学手册', '吴雪', 'http://opac.gdufs.edu.cn:8991/F/73195JMN7L51FK43DT9RKAMPJU1HI4Y9GR5AX8IP2N2931YKMS-00974?func=direct&doc_number=000283030&format=999&local_base=GWD01', 2008, '20120917 22:00', '20120706 16:56', '', '南校区中文书外借分馆'),
(6183, '20111003625', 1, 'Java编程技术全接触', '孙一林', 'http://opac.gdufs.edu.cn:8991/F/73195JMN7L51FK43DT9RKAMPJU1HI4Y9GR5AX8IP2N2931YKMS-00977?func=direct&doc_number=000356366&format=999&local_base=GWD01', 2008, '20120917 22:00', '20120907 16:59', '', '南校区中文书外借分馆'),
(6184, '20111003625', 1, 'Programming Visual C++ 6.0技术内幕', '克鲁格林斯基,', 'http://opac.gdufs.edu.cn:8991/F/73195JMN7L51FK43DT9RKAMPJU1HI4Y9GR5AX8IP2N2931YKMS-00980?func=direct&doc_number=000063982&format=999&local_base=GWD01', 1999, '20120915 22:00', '20120629 18:47', '', '南校区中文书外借分馆'),
(6185, '20111003625', 1, 'Java技术应用', '董云铮', 'http://opac.gdufs.edu.cn:8991/F/73195JMN7L51FK43DT9RKAMPJU1HI4Y9GR5AX8IP2N2931YKMS-00983?func=direct&doc_number=000332756&format=999&local_base=GWD01', 2007, '20120715 22:00', '20120629 18:47', '', '南校区中文书外借分馆'),
(6186, '20111003625', 1, 'JavaScript全程指南', '郭伟伟', 'http://opac.gdufs.edu.cn:8991/F/73195JMN7L51FK43DT9RKAMPJU1HI4Y9GR5AX8IP2N2931YKMS-00986?func=direct&doc_number=000295209&format=999&local_base=GWD01', 2008, '20120715 22:00', '20120629 18:47', '', '南校区中文书外借分馆'),
(6187, '20111003625', 1, 'Java从入门到精通', '李钟尉', 'http://opac.gdufs.edu.cn:8991/F/73195JMN7L51FK43DT9RKAMPJU1HI4Y9GR5AX8IP2N2931YKMS-00989?func=direct&doc_number=000311603&format=999&local_base=GWD01', 2008, '20120704 22:00', '20120613 20:13', '', '南校区中文书外借分馆'),
(6188, '20111003625', 1, 'PHP网络开发实用工程案例', '叶子青', 'http://opac.gdufs.edu.cn:8991/F/73195JMN7L51FK43DT9RKAMPJU1HI4Y9GR5AX8IP2N2931YKMS-00992?func=direct&doc_number=000304143&format=999&local_base=GWD01', 2008, '20120629 22:00', '20120613 20:13', '', '南校区中文书外借分馆'),
(6189, '20111003625', 1, 'PHP网络编程技术与实践', '程伟', 'http://opac.gdufs.edu.cn:8991/F/73195JMN7L51FK43DT9RKAMPJU1HI4Y9GR5AX8IP2N2931YKMS-00995?func=direct&doc_number=000302133&format=999&local_base=GWD01', 2008, '20120629 22:00', '20120613 20:13', '', '南校区中文书外借分馆'),
(6190, '20111003625', 1, 'Eclipse编程技术与实例', '叶达峰', 'http://opac.gdufs.edu.cn:8991/F/73195JMN7L51FK43DT9RKAMPJU1HI4Y9GR5AX8IP2N2931YKMS-00998?func=direct&doc_number=000224104&format=999&local_base=GWD01', 2006, '20120627 22:00', '20120613 20:13', '', '南校区中文书外借分馆'),
(6191, '20111003625', 1, 'Java编程方法学', '王舜燕', 'http://opac.gdufs.edu.cn:8991/F/73195JMN7L51FK43DT9RKAMPJU1HI4Y9GR5AX8IP2N2931YKMS-01001?func=direct&doc_number=000379545&format=999&local_base=GWD01', 2008, '20120627 22:00', '20120613 20:13', '', '南校区中文书外借分馆'),
(6192, '20111003625', 1, 'Visual C++2010开发权威指南', '尹成', 'http://opac.gdufs.edu.cn:8991/F/73195JMN7L51FK43DT9RKAMPJU1HI4Y9GR5AX8IP2N2931YKMS-01004?func=direct&doc_number=000413673&format=999&local_base=GWD01', 2010, '20120622 22:00', '20120629 18:47', '0.70', '南校区中文书外借分馆'),
(6193, '20111003625', 1, 'Java程序设计自学手册', '王国辉', 'http://opac.gdufs.edu.cn:8991/F/73195JMN7L51FK43DT9RKAMPJU1HI4Y9GR5AX8IP2N2931YKMS-01007?func=direct&doc_number=000296759&format=999&local_base=GWD01', 2008, '20120622 22:00', '20120629 18:47', '0.70', '南校区中文书外借分馆'),
(6194, '20111003625', 1, 'Visual C++网络通信开发入门与编程实践', '李媛媛', 'http://opac.gdufs.edu.cn:8991/F/73195JMN7L51FK43DT9RKAMPJU1HI4Y9GR5AX8IP2N2931YKMS-01010?func=direct&doc_number=000355587&format=999&local_base=GWD01', 2008, '20120615 22:00', '20120524 19:40', '', '南校区中文书外借分馆'),
(6195, '20111003625', 1, 'C++探秘', '里希纳', 'http://opac.gdufs.edu.cn:8991/F/73195JMN7L51FK43DT9RKAMPJU1HI4Y9GR5AX8IP2N2931YKMS-01013?func=direct&doc_number=000428193&format=999&local_base=GWD01', 2011, '20120615 22:00', '20120524 19:41', '', '南校区中文书外借分馆'),
(6196, '20111003625', 1, '精通Windows API', '范文庆', 'http://opac.gdufs.edu.cn:8991/F/73195JMN7L51FK43DT9RKAMPJU1HI4Y9GR5AX8IP2N2931YKMS-01016?func=direct&doc_number=000355977&format=999&local_base=GWD01', 2009, '20120609 22:00', '20120524 19:41', '', '南校区中文书外借分馆'),
(6197, '20111003625', 1, 'Visual C++面向对象编程教程', '王育坚', 'http://opac.gdufs.edu.cn:8991/F/73195JMN7L51FK43DT9RKAMPJU1HI4Y9GR5AX8IP2N2931YKMS-01019?func=direct&doc_number=000296794&format=999&local_base=GWD01', 2007, '20120601 22:00', '20120511 12:18', '', '南校区中文书外借分馆'),
(6198, '20111003625', 1, '现代密码学基础', '章照止', 'http://opac.gdufs.edu.cn:8991/F/73195JMN7L51FK43DT9RKAMPJU1HI4Y9GR5AX8IP2N2931YKMS-01022?func=direct&doc_number=000246636&format=999&local_base=GWD01', 2004, '20120601 22:00', '20120511 12:18', '', '南校区中文书外借分馆'),
(6199, '20111003625', 1, '明通鉴', '夏燮', 'http://opac.gdufs.edu.cn:8991/F/73195JMN7L51FK43DT9RKAMPJU1HI4Y9GR5AX8IP2N2931YKMS-01025?func=direct&doc_number=000035442&format=999&local_base=GWD01', 1950, '20120522 22:00', '20120511 12:19', '', '南校区中文书外借分馆'),
(6200, '20111003625', 1, 'PHP网络编程从入门到精通', '陈营辉', 'http://opac.gdufs.edu.cn:8991/F/73195JMN7L51FK43DT9RKAMPJU1HI4Y9GR5AX8IP2N2931YKMS-01028?func=direct&doc_number=000271118&format=999&local_base=GWD01', 2007, '20120508 22:00', '20120423 08:21', '', '南校区中文书外借分馆'),
(6201, '20111003625', 1, 'Visual C++程序设计与应用教程', '马石安', 'http://opac.gdufs.edu.cn:8991/F/73195JMN7L51FK43DT9RKAMPJU1HI4Y9GR5AX8IP2N2931YKMS-01031?func=direct&doc_number=000295570&format=999&local_base=GWD01', 2007, '20120508 22:00', '20120511 12:19', '0.30', '南校区中文书外借分馆'),
(6202, '20111003625', 1, '法语300句', '陈伟', 'http://opac.gdufs.edu.cn:8991/F/73195JMN7L51FK43DT9RKAMPJU1HI4Y9GR5AX8IP2N2931YKMS-01034?func=direct&doc_number=000244939&format=999&local_base=GWD01', 2006, '20120507 22:00', '20120510 12:04', '0.30', '南校区小语种图书外借'),
(6203, '20111003625', 1, 'Visual C++程序设计', '徐晓梅', 'http://opac.gdufs.edu.cn:8991/F/73195JMN7L51FK43DT9RKAMPJU1HI4Y9GR5AX8IP2N2931YKMS-01037?func=direct&doc_number=000333512&format=999&local_base=GWD01', 2003, '20120428 22:00', '20120409 15:54', '', '南校区中文书外借分馆'),
(6204, '20111003625', 1, '中国历代爱情诗萃', '郑在瀛', 'http://opac.gdufs.edu.cn:8991/F/73195JMN7L51FK43DT9RKAMPJU1HI4Y9GR5AX8IP2N2931YKMS-01040?func=direct&doc_number=000098121&format=999&local_base=GWD01', 2003, '20120428 22:00', '20120423 08:22', '', '南校区中文书外借分馆'),
(6205, '20111003625', 1, '务虚笔记', '史铁生,', 'http://opac.gdufs.edu.cn:8991/F/73195JMN7L51FK43DT9RKAMPJU1HI4Y9GR5AX8IP2N2931YKMS-01043?func=direct&doc_number=000389671&format=999&local_base=GWD01', 2009, '20120428 22:00', '20120423 08:21', '', '南校区中文书外借分馆'),
(6206, '20111003625', 1, 'Visual C++实效编程百例', '肖宏伟', 'http://opac.gdufs.edu.cn:8991/F/73195JMN7L51FK43DT9RKAMPJU1HI4Y9GR5AX8IP2N2931YKMS-01046?func=direct&doc_number=000333487&format=999&local_base=GWD01', 2004, '20120421 22:00', '20120409 15:54', '', '南校区中文书外借分馆'),
(6207, '20111003625', 1, 'PHP 6与MySQL 5基础教程', '厄尔曼', 'http://opac.gdufs.edu.cn:8991/F/73195JMN7L51FK43DT9RKAMPJU1HI4Y9GR5AX8IP2N2931YKMS-01049?func=direct&doc_number=000355855&format=999&local_base=GWD01', 2008, '20120417 22:00', '20120422 15:38', '0.50', '南校区中文书外借分馆'),
(6208, '20111003625', 1, 'C# 3.0学习指南', '利伯蒂', 'http://opac.gdufs.edu.cn:8991/F/73195JMN7L51FK43DT9RKAMPJU1HI4Y9GR5AX8IP2N2931YKMS-01052?func=direct&doc_number=000414451&format=999&local_base=GWD01', 2010, '20120417 22:00', '20120423 08:21', '0.60', '南校区中文书外借分馆'),
(6209, '20111003625', 1, '晏几道词新释辑评', '王双启', 'http://opac.gdufs.edu.cn:8991/F/73195JMN7L51FK43DT9RKAMPJU1HI4Y9GR5AX8IP2N2931YKMS-01055?func=direct&doc_number=000288109&format=999&local_base=GWD01', 2007, '20120412 22:00', '20120409 15:54', '', '南校区中文书外借分馆'),
(6210, '20111003625', 1, 'MFC程序开发参考大全', '宋坤', 'http://opac.gdufs.edu.cn:8991/F/73195JMN7L51FK43DT9RKAMPJU1HI4Y9GR5AX8IP2N2931YKMS-01058?func=direct&doc_number=000276181&format=999&local_base=GWD01', 2007, '20120412 22:00', '20120423 08:21', '1.10', '南校区中文书外借分馆'),
(6211, '20111003625', 1, '清稗类钞', '徐珂', 'http://opac.gdufs.edu.cn:8991/F/73195JMN7L51FK43DT9RKAMPJU1HI4Y9GR5AX8IP2N2931YKMS-01061?func=direct&doc_number=000143345&format=999&local_base=GWD01', 1984, '20120401 22:00', '20120326 09:25', '', '南校区中文书外借分馆'),
(6212, '20111003625', 1, 'JavaScript完全自学手册', '胡添', 'http://opac.gdufs.edu.cn:8991/F/73195JMN7L51FK43DT9RKAMPJU1HI4Y9GR5AX8IP2N2931YKMS-01064?func=direct&doc_number=000344559&format=999&local_base=GWD01', 2009, '20120330 22:00', '20120326 09:25', '', '南校区中文书外借分馆'),
(6213, '20111003625', 1, 'PHP+MySQL完全学习手册', '黄桂金', 'http://opac.gdufs.edu.cn:8991/F/73195JMN7L51FK43DT9RKAMPJU1HI4Y9GR5AX8IP2N2931YKMS-01067?func=direct&doc_number=000305395&format=999&local_base=GWD01', 2008, '20120330 22:00', '20120330 08:57', '', '南校区中文书外借分馆'),
(6214, '20111003625', 1, 'PHP 6与MySQL 5基础教程', '厄尔曼', 'http://opac.gdufs.edu.cn:8991/F/73195JMN7L51FK43DT9RKAMPJU1HI4Y9GR5AX8IP2N2931YKMS-01070?func=direct&doc_number=000355855&format=999&local_base=GWD01', 2008, '20120312 22:00', '20120301 19:54', '', '南校区中文书外借分馆'),
(6215, '20111003625', 1, '从哈勃看宇宙', '彼特森,', 'http://opac.gdufs.edu.cn:8991/F/73195JMN7L51FK43DT9RKAMPJU1HI4Y9GR5AX8IP2N2931YKMS-01073?func=direct&doc_number=000109783&format=999&local_base=GWD01', 2004, '20120312 22:00', '20120301 19:54', '', '南校区中文书外借分馆'),
(6216, '20111003625', 1, '图解天文学', '宣焕灿', 'http://opac.gdufs.edu.cn:8991/F/73195JMN7L51FK43DT9RKAMPJU1HI4Y9GR5AX8IP2N2931YKMS-01076?func=direct&doc_number=000383249&format=999&local_base=GWD01', 2010, '20120312 22:00', '20120301 19:54', '', '南校区中文书外借分馆'),
(6217, '20111003625', 1, 'Visual C++ 6.0入门与提高', '徐晓刚', 'http://opac.gdufs.edu.cn:8991/F/73195JMN7L51FK43DT9RKAMPJU1HI4Y9GR5AX8IP2N2931YKMS-01079?func=direct&doc_number=000333504&format=999&local_base=GWD01', 1999, '20120312 22:00', '20120301 19:54', '', '南校区中文书外借分馆'),
(6218, '20111003625', 1, 'C++程序设计与应用', '周仲宁', 'http://opac.gdufs.edu.cn:8991/F/73195JMN7L51FK43DT9RKAMPJU1HI4Y9GR5AX8IP2N2931YKMS-01082?func=direct&doc_number=000361895&format=999&local_base=GWD01', 2009, '20120312 22:00', '20120301 19:54', '', '南校区中文书外借分馆'),
(6219, '20111003625', 1, '蕙风词话', '况周颐', 'http://opac.gdufs.edu.cn:8991/F/73195JMN7L51FK43DT9RKAMPJU1HI4Y9GR5AX8IP2N2931YKMS-01085?func=direct&doc_number=000366274&format=999&local_base=GWD01', 2009, '20120312 22:00', '20120228 19:15', '', '南校区中文书外借分馆'),
(6220, '20111003625', 1, 'PHP网络开发实用工程案例', '叶子青', 'http://opac.gdufs.edu.cn:8991/F/73195JMN7L51FK43DT9RKAMPJU1HI4Y9GR5AX8IP2N2931YKMS-01088?func=direct&doc_number=000304143&format=999&local_base=GWD01', 2008, '20120312 22:00', '20120228 19:15', '', '南校区中文书外借分馆'),
(6221, '20111003625', 1, '左传', '左丘明', 'http://opac.gdufs.edu.cn:8991/F/73195JMN7L51FK43DT9RKAMPJU1HI4Y9GR5AX8IP2N2931YKMS-01091?func=direct&doc_number=000341192&format=999&local_base=GWD01', 2008, '20120312 22:00', '20120228 19:16', '', '南校区中文书外借分馆'),
(6222, '20111003625', 1, '陳維崧集', '陈维崧,', 'http://opac.gdufs.edu.cn:8991/F/73195JMN7L51FK43DT9RKAMPJU1HI4Y9GR5AX8IP2N2931YKMS-01094?func=direct&doc_number=000428232&format=999&local_base=GWD01', 2010, '20120116 22:00', '20120104 11:26', '', '南校区中文书外借分馆'),
(6223, '20111003625', 1, '古文观止鉴赏辞典', '傅德岷', 'http://opac.gdufs.edu.cn:8991/F/73195JMN7L51FK43DT9RKAMPJU1HI4Y9GR5AX8IP2N2931YKMS-01097?func=direct&doc_number=000306810&format=999&local_base=GWD01', 2008, '20120107 22:00', '20111218 11:21', '', '南校区中文书外借分馆'),
(6224, '20111003625', 1, '敬畏历史', '虞云国,', 'http://opac.gdufs.edu.cn:8991/F/73195JMN7L51FK43DT9RKAMPJU1HI4Y9GR5AX8IP2N2931YKMS-01100?func=direct&doc_number=000436391&format=999&local_base=GWD01', 2011, '20120107 22:00', '20111218 11:21', '', '南校区中文书外借分馆'),
(6225, '20111003625', 1, 'C++类和数据结构', '蔡尔兹', 'http://opac.gdufs.edu.cn:8991/F/73195JMN7L51FK43DT9RKAMPJU1HI4Y9GR5AX8IP2N2931YKMS-01103?func=direct&doc_number=000340406&format=999&local_base=GWD01', 2009, '20111225 22:00', '20111218 11:22', '', '南校区中文书外借分馆'),
(6226, '20111003625', 1, '网页设计与制作教程', '熊前兴', 'http://opac.gdufs.edu.cn:8991/F/73195JMN7L51FK43DT9RKAMPJU1HI4Y9GR5AX8IP2N2931YKMS-01106?func=direct&doc_number=000334769&format=999&local_base=GWD01', 2004, '20111213 22:00', '20111209 18:13', '', '南校区中文书外借分馆'),
(6227, '20111003625', 1, '资治通鉴', '司马光', 'http://opac.gdufs.edu.cn:8991/F/73195JMN7L51FK43DT9RKAMPJU1HI4Y9GR5AX8IP2N2931YKMS-01109?func=direct&doc_number=000108145&format=999&local_base=GWD01', 2003, '20111213 22:00', '20111209 18:14', '', '南校区中文书外借分馆'),
(6228, '20111003625', 1, '爱上咖啡', '林莹', 'http://opac.gdufs.edu.cn:8991/F/73195JMN7L51FK43DT9RKAMPJU1HI4Y9GR5AX8IP2N2931YKMS-01112?func=direct&doc_number=000248801&format=999&local_base=GWD01', 2007, '20111213 22:00', '20111209 18:13', '', '南校区中文书外借分馆'),
(6229, '20111003625', 1, '纳兰词集', '纳兰性德', 'http://opac.gdufs.edu.cn:8991/F/73195JMN7L51FK43DT9RKAMPJU1HI4Y9GR5AX8IP2N2931YKMS-01115?func=direct&doc_number=000368196&format=999&local_base=GWD01', 2009, '20111212 22:00', '20111209 18:13', '', '南校区中文书外借分馆'),
(6230, '20111003625', 1, '纳兰词典评', '苏樱,', 'http://opac.gdufs.edu.cn:8991/F/73195JMN7L51FK43DT9RKAMPJU1HI4Y9GR5AX8IP2N2931YKMS-01118?func=direct&doc_number=000300882&format=999&local_base=GWD01', 2008, '20111212 22:00', '20111209 18:14', '', '南校区中文书外借分馆'),
(6231, '20111003625', 1, '李煜', '檀作文,', 'http://opac.gdufs.edu.cn:8991/F/73195JMN7L51FK43DT9RKAMPJU1HI4Y9GR5AX8IP2N2931YKMS-01121?func=direct&doc_number=000247982&format=999&local_base=GWD01', 2006, '20111212 22:00', '20111209 18:13', '', '南校区中文书外借分馆'),
(6232, '20111003625', 1, '《人间词话》《人间词》注评', '陈鸿祥', 'http://opac.gdufs.edu.cn:8991/F/73195JMN7L51FK43DT9RKAMPJU1HI4Y9GR5AX8IP2N2931YKMS-01124?func=direct&doc_number=000087666&format=999&local_base=GWD01', 2002, '20111210 22:00', '20111209 18:13', '', '南校区中文书外借分馆'),
(6233, '20111003625', 1, '辛德勒名单', '基尼利', 'http://opac.gdufs.edu.cn:8991/F/73195JMN7L51FK43DT9RKAMPJU1HI4Y9GR5AX8IP2N2931YKMS-01127?func=direct&doc_number=000363058&format=999&local_base=GWD01', 2009, '20111124 22:00', '20111031 20:25', '', '南校区中文书外借分馆'),
(6234, '20111003625', 1, '中国文学史', '郑振铎,', 'http://opac.gdufs.edu.cn:8991/F/73195JMN7L51FK43DT9RKAMPJU1HI4Y9GR5AX8IP2N2931YKMS-01130?func=direct&doc_number=000385016&format=999&local_base=GWD01', 2009, '20111029 22:00', '20111019 17:10', '', '南校区中文书外借分馆'),
(6235, '20111003625', 1, '史铁生作品精编', '史铁生', 'http://opac.gdufs.edu.cn:8991/F/73195JMN7L51FK43DT9RKAMPJU1HI4Y9GR5AX8IP2N2931YKMS-01133?func=direct&doc_number=000278087&format=999&local_base=GWD01', 2008, '20111022 22:00', '20111009 10:18', '', '南校区中文书外借分馆'),
(6236, '20111003625', 1, '从零开始', '孙海侠', 'http://opac.gdufs.edu.cn:8991/F/73195JMN7L51FK43DT9RKAMPJU1HI4Y9GR5AX8IP2N2931YKMS-01136?func=direct&doc_number=000332990&format=999&local_base=GWD01', 2004, '20111022 22:00', '20111009 10:18', '', '南校区中文书外借分馆'),
(6237, '20111003625', 1, '唐宋词在明末清初的传播与接受', '陈水云,', 'http://opac.gdufs.edu.cn:8991/F/73195JMN7L51FK43DT9RKAMPJU1HI4Y9GR5AX8IP2N2931YKMS-01139?func=direct&doc_number=000421469&format=999&local_base=GWD01', 2010, '20111017 22:00', '20111019 17:10', '0.20', '南校区中文书外借分馆'),
(6238, '20111003625', 1, '文言小说选', '李正民', 'http://opac.gdufs.edu.cn:8991/F/73195JMN7L51FK43DT9RKAMPJU1HI4Y9GR5AX8IP2N2931YKMS-01142?func=direct&doc_number=000363822&format=999&local_base=GWD01', 2008, '20111017 22:00', '20111018 15:34', '0.10', '南校区中文书外借分馆'),
(6239, '20111003625', 1, 'Michael Jackson :', 'Taraborrelli, J. Randy.', 'http://opac.gdufs.edu.cn:8991/F/73195JMN7L51FK43DT9RKAMPJU1HI4Y9GR5AX8IP2N2931YKMS-01145?func=direct&doc_number=000099500&format=999&local_base=GWD09', 2004, '20110929 22:00', '20110917 14:13', '', '南校区英文书外借分馆'),
(6240, '20111003625', 1, '中国文学史', '郑振铎,', 'http://opac.gdufs.edu.cn:8991/F/73195JMN7L51FK43DT9RKAMPJU1HI4Y9GR5AX8IP2N2931YKMS-01148?func=direct&doc_number=000385016&format=999&local_base=GWD01', 2009, '20110929 22:00', '20110930 11:42', '0.10', '南校区中文书外借分馆'),
(6241, '20111003625', 1, '明清词研究史', '陈水云,', 'http://opac.gdufs.edu.cn:8991/F/73195JMN7L51FK43DT9RKAMPJU1HI4Y9GR5AX8IP2N2931YKMS-01151?func=direct&doc_number=000249332&format=999&local_base=GWD01', 2006, '20110927 22:00', '20110927 14:58', '', '南校区中文书外借分馆'),
(6242, '20111003625', 1, '清代文学研究集刊', '曹虹', 'http://opac.gdufs.edu.cn:8991/F/73195JMN7L51FK43DT9RKAMPJU1HI4Y9GR5AX8IP2N2931YKMS-01154?func=direct&doc_number=000340806&format=999&local_base=GWD01', 2008, '20110927 22:00', '20110927 14:58', '', '南校区中文书外借分馆'),
(32283, '20111003636', 1, 'JavaScript网页特效范例宝典', '明日科技', 'http://opac.gdufs.edu.cn:8991/F/9IJLBYFBAACVBE2SN4LAV4INCDHPS1XLGQ39LES3L1BMVYN4CC-19833?func=direct&doc_number=000275777&format=999&local_base=GWD01', 0000, '', '', '', ''),
(32284, '20111003636', 1, 'JavaScript学习宝典', '托', 'http://opac.gdufs.edu.cn:8991/F/9IJLBYFBAACVBE2SN4LAV4INCDHPS1XLGQ39LES3L1BMVYN4CC-19836?func=direct&doc_number=000356574&format=999&local_base=GWD01', 0000, '', '', '', ''),
(32285, '20111003636', 1, '细说PHP', '高洛峰', 'http://opac.gdufs.edu.cn:8991/F/9IJLBYFBAACVBE2SN4LAV4INCDHPS1XLGQ39LES3L1BMVYN4CC-19839?func=direct&doc_number=000437991&format=999&local_base=GWD01', 0000, '', '', '', ''),
(32286, '20111003636', 1, '数据结构与问题求解', '韦斯', 'http://opac.gdufs.edu.cn:8991/F/9IJLBYFBAACVBE2SN4LAV4INCDHPS1XLGQ39LES3L1BMVYN4CC-19842?func=direct&doc_number=000331683&format=999&local_base=GWD01', 0000, '', '', '', ''),
(32287, '20111003636', 1, '新语丝', '李异鸣', 'http://opac.gdufs.edu.cn:8991/F/9IJLBYFBAACVBE2SN4LAV4INCDHPS1XLGQ39LES3L1BMVYN4CC-19845?func=direct&doc_number=000339579&format=999&local_base=GWD01', 0000, '', '', '', ''),
(32288, '20111003636', 1, '细说PHP', '高洛峰', 'http://opac.gdufs.edu.cn:8991/F/9IJLBYFBAACVBE2SN4LAV4INCDHPS1XLGQ39LES3L1BMVYN4CC-19848?func=direct&doc_number=000437991&format=999&local_base=GWD01', 0000, '', '', '', ''),
(32289, '20111003636', 1, 'Visual C++2010开发权威指南', '尹成', 'http://opac.gdufs.edu.cn:8991/F/9IJLBYFBAACVBE2SN4LAV4INCDHPS1XLGQ39LES3L1BMVYN4CC-19851?func=direct&doc_number=000413673&format=999&local_base=GWD01', 0000, '', '', '', ''),
(32290, '20111003636', 1, 'Visual C++程序设计标准教程', '刘锐宁', 'http://opac.gdufs.edu.cn:8991/F/9IJLBYFBAACVBE2SN4LAV4INCDHPS1XLGQ39LES3L1BMVYN4CC-19854?func=direct&doc_number=000355378&format=999&local_base=GWD01', 0000, '', '', '', ''),
(32291, '20111003636', 1, 'Visual C++面向对象编程教程', '王育坚', 'http://opac.gdufs.edu.cn:8991/F/9IJLBYFBAACVBE2SN4LAV4INCDHPS1XLGQ39LES3L1BMVYN4CC-19857?func=direct&doc_number=000296794&format=999&local_base=GWD01', 0000, '', '', '', ''),
(32292, '20111003636', 1, '学用Visual C++ 6.0', '查普曼', 'http://opac.gdufs.edu.cn:8991/F/9IJLBYFBAACVBE2SN4LAV4INCDHPS1XLGQ39LES3L1BMVYN4CC-19860?func=direct&doc_number=000332663&format=999&local_base=GWD01', 0000, '', '', '', ''),
(32293, '20111003636', 1, '新编HTML网页设计从入门到精通', '龙马工作室', 'http://opac.gdufs.edu.cn:8991/F/9IJLBYFBAACVBE2SN4LAV4INCDHPS1XLGQ39LES3L1BMVYN4CC-19863?func=direct&doc_number=000345105&format=999&local_base=GWD01', 0000, '', '', '', ''),
(32294, '20111003636', 1, '大学算法教程', '约翰逊鲍', 'http://opac.gdufs.edu.cn:8991/F/9IJLBYFBAACVBE2SN4LAV4INCDHPS1XLGQ39LES3L1BMVYN4CC-19866?func=direct&doc_number=000268841&format=999&local_base=GWD01', 0000, '', '', '', ''),
(32295, '20111003636', 1, '零基础学HTML+CSS', '雷宁', 'http://opac.gdufs.edu.cn:8991/F/9IJLBYFBAACVBE2SN4LAV4INCDHPS1XLGQ39LES3L1BMVYN4CC-19869?func=direct&doc_number=000355964&format=999&local_base=GWD01', 0000, '', '', '', ''),
(32296, '20111003636', 1, 'C++面向对象程序设计', '萨维奇,', 'http://opac.gdufs.edu.cn:8991/F/9IJLBYFBAACVBE2SN4LAV4INCDHPS1XLGQ39LES3L1BMVYN4CC-19872?func=direct&doc_number=000217255&format=999&local_base=GWD01', 0000, '', '', '', ''),
(32297, '20111003636', 1, '标准C程序设计', '巴拉古鲁萨米', 'http://opac.gdufs.edu.cn:8991/F/9IJLBYFBAACVBE2SN4LAV4INCDHPS1XLGQ39LES3L1BMVYN4CC-19875?func=direct&doc_number=000305796&format=999&local_base=GWD01', 0000, '', '', '', ''),
(32298, '20111003636', 1, '数据结构与C++高级教程', '卡拉诺,', 'http://opac.gdufs.edu.cn:8991/F/9IJLBYFBAACVBE2SN4LAV4INCDHPS1XLGQ39LES3L1BMVYN4CC-19878?func=direct&doc_number=000332939&format=999&local_base=GWD01', 0000, '', '', '', ''),
(32299, '20111003636', 1, '实用Visual C++ 6.0教程', '贝茨', 'http://opac.gdufs.edu.cn:8991/F/9IJLBYFBAACVBE2SN4LAV4INCDHPS1XLGQ39LES3L1BMVYN4CC-19881?func=direct&doc_number=000332626&format=999&local_base=GWD01', 0000, '', '', '', ''),
(32300, '20111003636', 1, '哈佛精粹30条', '开仁', 'http://opac.gdufs.edu.cn:8991/F/9IJLBYFBAACVBE2SN4LAV4INCDHPS1XLGQ39LES3L1BMVYN4CC-19884?func=direct&doc_number=000242549&format=999&local_base=GWD01', 0000, '', '', '', ''),
(32301, '20111003636', 1, '朝鲜战争', '王树增,', 'http://opac.gdufs.edu.cn:8991/F/9IJLBYFBAACVBE2SN4LAV4INCDHPS1XLGQ39LES3L1BMVYN4CC-19887?func=direct&doc_number=000376962&format=999&local_base=GWD01', 0000, '', '', '', ''),
(32302, '20111003636', 1, '电脑组装与维护超级技巧1000例', '周洁', 'http://opac.gdufs.edu.cn:8991/F/9IJLBYFBAACVBE2SN4LAV4INCDHPS1XLGQ39LES3L1BMVYN4CC-19890?func=direct&doc_number=000283180&format=999&local_base=GWD01', 0000, '', '', '', ''),
(32303, '20111003636', 1, '2008－2009电脑应用精华本', '电脑报', 'http://opac.gdufs.edu.cn:8991/F/9IJLBYFBAACVBE2SN4LAV4INCDHPS1XLGQ39LES3L1BMVYN4CC-19893?func=direct&doc_number=000302101&format=999&local_base=GWD01', 0000, '', '', '', ''),
(32304, '20111003636', 1, '开天辟地学电脑', '北京金洪恩电脑公司', 'http://opac.gdufs.edu.cn:8991/F/9IJLBYFBAACVBE2SN4LAV4INCDHPS1XLGQ39LES3L1BMVYN4CC-19896?func=direct&doc_number=000331168&format=999&local_base=GWD01', 0000, '', '', '', ''),
(32305, '20111003636', 1, 'C++程序设计教程', '李春葆', 'http://opac.gdufs.edu.cn:8991/F/9IJLBYFBAACVBE2SN4LAV4INCDHPS1XLGQ39LES3L1BMVYN4CC-19899?func=direct&doc_number=000296800&format=999&local_base=GWD01', 0000, '', '', '', ''),
(32306, '20111003636', 1, '中文Visual C++实例全解教程', '王景义', 'http://opac.gdufs.edu.cn:8991/F/9IJLBYFBAACVBE2SN4LAV4INCDHPS1XLGQ39LES3L1BMVYN4CC-19902?func=direct&doc_number=000333404&format=999&local_base=GWD01', 0000, '', '', '', ''),
(32307, '20111003636', 1, '电脑选购·组装·维护·故障排除从入门到精通', '文杰书院', 'http://opac.gdufs.edu.cn:8991/F/9IJLBYFBAACVBE2SN4LAV4INCDHPS1XLGQ39LES3L1BMVYN4CC-19905?func=direct&doc_number=000382322&format=999&local_base=GWD01', 0000, '', '', '', ''),
(32308, '20111003636', 1, '金融市场学', '杜金富,', 'http://opac.gdufs.edu.cn:8991/F/9IJLBYFBAACVBE2SN4LAV4INCDHPS1XLGQ39LES3L1BMVYN4CC-19908?func=direct&doc_number=000263402&format=999&local_base=GWD01', 0000, '', '', '', ''),
(32309, '20111003636', 1, '设计·素描基础', '陈嘉全', 'http://opac.gdufs.edu.cn:8991/F/9IJLBYFBAACVBE2SN4LAV4INCDHPS1XLGQ39LES3L1BMVYN4CC-19911?func=direct&doc_number=000280659&format=999&local_base=GWD01', 0000, '', '', '', ''),
(32310, '20111003636', 1, 'C++程序设计教程', '孟威', 'http://opac.gdufs.edu.cn:8991/F/9IJLBYFBAACVBE2SN4LAV4INCDHPS1XLGQ39LES3L1BMVYN4CC-19914?func=direct&doc_number=000361893&format=999&local_base=GWD01', 0000, '', '', '', ''),
(32311, '20111003636', 1, 'C++语言习题与解析', '李春葆', 'http://opac.gdufs.edu.cn:8991/F/9IJLBYFBAACVBE2SN4LAV4INCDHPS1XLGQ39LES3L1BMVYN4CC-19917?func=direct&doc_number=000332973&format=999&local_base=GWD01', 0000, '', '', '', ''),
(32312, '20111003636', 1, '电脑报2006电脑应用精华本', '电脑报', 'http://opac.gdufs.edu.cn:8991/F/9IJLBYFBAACVBE2SN4LAV4INCDHPS1XLGQ39LES3L1BMVYN4CC-19920?func=direct&doc_number=000220147&format=999&local_base=GWD01', 0000, '', '', '', ''),
(38319, 'D1130581400', 2, 'Java从入门到实践', '刘升华等编著', 'http://202.38.232.10/opac/servlet/opac.go?cmdACT=query.bookdetail&amp;bookid=741012&amp;marcformat=CNMARC01&amp;libcode=&amp;source=', 0000, '', '', '', ''),
(38320, 'D1130581400', 2, 'HTML与CSS入门经典', '(美) Dick Oliver, Michael Morrison著', 'http://202.38.232.10/opac/servlet/opac.go?cmdACT=query.bookdetail&amp;bookid=608103&amp;marcformat=CNMARC01&amp;libcode=&amp;source=', 0000, '', '', '', ''),
(38321, 'D1130581400', 2, 'PHP和MySQL Web开发', '(澳) Luke Welling, Laura Thomson著', 'http://202.38.232.10/opac/servlet/opac.go?cmdACT=query.bookdetail&amp;bookid=488549&amp;marcformat=CNMARC01&amp;libcode=&amp;source=', 0000, '', '', '', ''),
(43218, '200211025', 1, 'Spoken discourse', 'Edmondson, Willis', 'http://opac.gdufs.edu.cn:8991/F/UCMSUGV3V6KDR3XD5V32268JF3IKQE9J63GCH9ELMSI1C1DM59-48825?func=direct&doc_number=000030829&format=999&local_base=GWD09', 0000, '', '', '', ''),
(43219, '200211025', 1, 'Computer science', 'Meyers, Richard A.', 'http://opac.gdufs.edu.cn:8991/F/UCMSUGV3V6KDR3XD5V32268JF3IKQE9J63GCH9ELMSI1C1DM59-48828?func=direct&doc_number=000033623&format=999&local_base=GWD09', 0000, '', '', '', ''),
(43220, '200211025', 1, '语言学教程', '雷德福', 'http://opac.gdufs.edu.cn:8991/F/UCMSUGV3V6KDR3XD5V32268JF3IKQE9J63GCH9ELMSI1C1DM59-48831?func=direct&doc_number=000055432&format=999&local_base=GWD09', 0000, '', '', '', ''),
(43221, '200211025', 1, '计算机英语', '张国安', 'http://opac.gdufs.edu.cn:8991/F/UCMSUGV3V6KDR3XD5V32268JF3IKQE9J63GCH9ELMSI1C1DM59-48834?func=direct&doc_number=000384355&format=999&local_base=GWD01', 0000, '', '', '', ''),
(43222, '200211025', 1, 'Instrumental English', 'Lavine, Roberta Z.', 'http://opac.gdufs.edu.cn:8991/F/UCMSUGV3V6KDR3XD5V32268JF3IKQE9J63GCH9ELMSI1C1DM59-48837?func=direct&doc_number=000033557&format=999&local_base=GWD09', 0000, '', '', '', ''),
(43223, '200211025', 1, '计算机英语', '刘兆毓', 'http://opac.gdufs.edu.cn:8991/F/UCMSUGV3V6KDR3XD5V32268JF3IKQE9J63GCH9ELMSI1C1DM59-48840?func=direct&doc_number=000177769&format=999&local_base=GWD01', 0000, '', '', '', ''),
(43224, '200211025', 1, '大学英语精读指南', '沈逢桂', 'http://opac.gdufs.edu.cn:8991/F/UCMSUGV3V6KDR3XD5V32268JF3IKQE9J63GCH9ELMSI1C1DM59-48843?func=direct&doc_number=000182447&format=999&local_base=GWD01', 0000, '', '', '', ''),
(43225, '200211025', 1, '一杯安慰', '塞尔', 'http://opac.gdufs.edu.cn:8991/F/UCMSUGV3V6KDR3XD5V32268JF3IKQE9J63GCH9ELMSI1C1DM59-48846?func=direct&doc_number=000342903&format=999&local_base=GWD01', 0000, '', '', '', ''),
(43226, '200211025', 1, '计算机英语', '汤惠民', 'http://opac.gdufs.edu.cn:8991/F/UCMSUGV3V6KDR3XD5V32268JF3IKQE9J63GCH9ELMSI1C1DM59-48849?func=direct&doc_number=000181197&format=999&local_base=GWD01', 0000, '', '', '', ''),
(43227, '200211025', 1, '计算机专业英语', '蒋丽琴', 'http://opac.gdufs.edu.cn:8991/F/UCMSUGV3V6KDR3XD5V32268JF3IKQE9J63GCH9ELMSI1C1DM59-48852?func=direct&doc_number=000418069&format=999&local_base=GWD01', 0000, '', '', '', ''),
(43228, '200211025', 1, 'English in computing', 'Glendinning, Erich', 'http://opac.gdufs.edu.cn:8991/F/UCMSUGV3V6KDR3XD5V32268JF3IKQE9J63GCH9ELMSI1C1DM59-48855?func=direct&doc_number=000035724&format=999&local_base=GWD09', 0000, '', '', '', ''),
(43229, '200211025', 1, '计算机专业英语', '任伟', 'http://opac.gdufs.edu.cn:8991/F/UCMSUGV3V6KDR3XD5V32268JF3IKQE9J63GCH9ELMSI1C1DM59-48858?func=direct&doc_number=000426144&format=999&local_base=GWD01', 0000, '', '', '', ''),
(43230, '200211025', 1, '普通语言学概论', '罗宾斯', 'http://opac.gdufs.edu.cn:8991/F/UCMSUGV3V6KDR3XD5V32268JF3IKQE9J63GCH9ELMSI1C1DM59-48861?func=direct&doc_number=000055382&format=999&local_base=GWD09', 0000, '', '', '', ''),
(43231, '200211025', 1, '普通语言学教程', '索绪尔', 'http://opac.gdufs.edu.cn:8991/F/UCMSUGV3V6KDR3XD5V32268JF3IKQE9J63GCH9ELMSI1C1DM59-48864?func=direct&doc_number=000174940&format=999&local_base=GWD01', 0000, '', '', '', ''),
(43232, '200211025', 1, '语言学概论', '王德春', 'http://opac.gdufs.edu.cn:8991/F/UCMSUGV3V6KDR3XD5V32268JF3IKQE9J63GCH9ELMSI1C1DM59-48867?func=direct&doc_number=000178270&format=999&local_base=GWD01', 0000, '', '', '', ''),
(43233, '200211025', 1, '语言学入门', '普尔', 'http://opac.gdufs.edu.cn:8991/F/UCMSUGV3V6KDR3XD5V32268JF3IKQE9J63GCH9ELMSI1C1DM59-48870?func=direct&doc_number=000055381&format=999&local_base=GWD09', 0000, '', '', '', ''),
(43234, '200211025', 1, 'Statistics in linguistics', 'Butler, Christopher S.', 'http://opac.gdufs.edu.cn:8991/F/UCMSUGV3V6KDR3XD5V32268JF3IKQE9J63GCH9ELMSI1C1DM59-48873?func=direct&doc_number=000035699&format=999&local_base=GWD09', 0000, '', '', '', ''),
(43235, '200211025', 1, '普通语言学概论', '罗宾斯', 'http://opac.gdufs.edu.cn:8991/F/UCMSUGV3V6KDR3XD5V32268JF3IKQE9J63GCH9ELMSI1C1DM59-48876?func=direct&doc_number=000055382&format=999&local_base=GWD09', 0000, '', '', '', ''),
(43236, '200211025', 1, '计算机英语', '王文博', 'http://opac.gdufs.edu.cn:8991/F/UCMSUGV3V6KDR3XD5V32268JF3IKQE9J63GCH9ELMSI1C1DM59-48879?func=direct&doc_number=000176569&format=999&local_base=GWD01', 0000, '', '', '', ''),
(43237, '200211025', 1, '新手学Visual C# 2008程序设计', '康莉', 'http://opac.gdufs.edu.cn:8991/F/UCMSUGV3V6KDR3XD5V32268JF3IKQE9J63GCH9ELMSI1C1DM59-48882?func=direct&doc_number=000355592&format=999&local_base=GWD01', 0000, '', '', '', ''),
(43238, '200211025', 1, 'SQL应用开发范例宝典', '孔志勇', 'http://opac.gdufs.edu.cn:8991/F/UCMSUGV3V6KDR3XD5V32268JF3IKQE9J63GCH9ELMSI1C1DM59-48885?func=direct&doc_number=000301259&format=999&local_base=GWD01', 0000, '', '', '', ''),
(43239, '200211025', 1, 'Visual C# 2005 + SQL Server 2005数据库与网络开发', '丁士锋', 'http://opac.gdufs.edu.cn:8991/F/UCMSUGV3V6KDR3XD5V32268JF3IKQE9J63GCH9ELMSI1C1DM59-48888?func=direct&doc_number=000283234&format=999&local_base=GWD01', 0000, '', '', '', ''),
(43240, '200211025', 1, '薄冰英语语法', '薄冰', 'http://opac.gdufs.edu.cn:8991/F/UCMSUGV3V6KDR3XD5V32268JF3IKQE9J63GCH9ELMSI1C1DM59-48891?func=direct&doc_number=000172824&format=999&local_base=GWD01', 0000, '', '', '', ''),
(43241, '200211025', 1, '普通语言学概论', '罗宾斯', 'http://opac.gdufs.edu.cn:8991/F/UCMSUGV3V6KDR3XD5V32268JF3IKQE9J63GCH9ELMSI1C1DM59-48894?func=direct&doc_number=000055382&format=999&local_base=GWD09', 0000, '', '', '', ''),
(43242, '200211025', 1, '牛津英语语法要点精讲', '伊斯特伍德', 'http://opac.gdufs.edu.cn:8991/F/UCMSUGV3V6KDR3XD5V32268JF3IKQE9J63GCH9ELMSI1C1DM59-48897?func=direct&doc_number=000378889&format=999&local_base=GWD01', 0000, '', '', '', ''),
(43243, '200211025', 1, '现代英语语法', '信德麟', 'http://opac.gdufs.edu.cn:8991/F/UCMSUGV3V6KDR3XD5V32268JF3IKQE9J63GCH9ELMSI1C1DM59-48900?func=direct&doc_number=000186195&format=999&local_base=GWD01', 0000, '', '', '', ''),
(43244, '200211025', 1, '语言学教程', '雷德福', 'http://opac.gdufs.edu.cn:8991/F/UCMSUGV3V6KDR3XD5V32268JF3IKQE9J63GCH9ELMSI1C1DM59-48903?func=direct&doc_number=000055432&format=999&local_base=GWD09', 0000, '', '', '', ''),
(43245, '200211025', 1, 'An introduction to language /', 'Fromkin, Victoria.', 'http://opac.gdufs.edu.cn:8991/F/UCMSUGV3V6KDR3XD5V32268JF3IKQE9J63GCH9ELMSI1C1DM59-48906?func=direct&doc_number=000104090&format=999&local_base=GWD09', 0000, '', '', '', ''),
(43246, '200211025', 1, '语言导论', '弗罗姆金', 'http://opac.gdufs.edu.cn:8991/F/UCMSUGV3V6KDR3XD5V32268JF3IKQE9J63GCH9ELMSI1C1DM59-48909?func=direct&doc_number=000182197&format=999&local_base=GWD01', 0000, '', '', '', ''),
(43247, '200211025', 1, 'An introduction to language', 'Fromkin, Victoria A.', 'http://opac.gdufs.edu.cn:8991/F/UCMSUGV3V6KDR3XD5V32268JF3IKQE9J63GCH9ELMSI1C1DM59-48912?func=direct&doc_number=000055778&format=999&local_base=GWD09', 0000, '', '', '', ''),
(43248, '200211025', 1, '外语教师测试手册', 'Hughes, Arthur', 'http://opac.gdufs.edu.cn:8991/F/UCMSUGV3V6KDR3XD5V32268JF3IKQE9J63GCH9ELMSI1C1DM59-48915?func=direct&doc_number=000177644&format=999&local_base=GWD01', 0000, '', '', '', ''),
(43249, '200211025', 1, 'Illustrator广告设计与特效技法', '腾龙视觉设计工作室', 'http://opac.gdufs.edu.cn:8991/F/UCMSUGV3V6KDR3XD5V32268JF3IKQE9J63GCH9ELMSI1C1DM59-48918?func=direct&doc_number=000122913&format=999&local_base=GWD01', 0000, '', '', '', ''),
(43250, '200211025', 1, '数据结构', '严蔚敏', 'http://opac.gdufs.edu.cn:8991/F/UCMSUGV3V6KDR3XD5V32268JF3IKQE9J63GCH9ELMSI1C1DM59-48921?func=direct&doc_number=000076695&format=999&local_base=GWD01', 0000, '', '', '', ''),
(43251, '200211025', 1, '数据结构题集', '严蔚敏', 'http://opac.gdufs.edu.cn:8991/F/UCMSUGV3V6KDR3XD5V32268JF3IKQE9J63GCH9ELMSI1C1DM59-48924?func=direct&doc_number=000048798&format=999&local_base=GWD01', 0000, '', '', '', ''),
(43252, '200211025', 1, '面向计算机科学的数理逻辑', '陆钟万', 'http://opac.gdufs.edu.cn:8991/F/UCMSUGV3V6KDR3XD5V32268JF3IKQE9J63GCH9ELMSI1C1DM59-48927?func=direct&doc_number=000080955&format=999&local_base=GWD01', 0000, '', '', '', ''),
(43253, '200211025', 1, '英美概况', '陈治刚', 'http://opac.gdufs.edu.cn:8991/F/UCMSUGV3V6KDR3XD5V32268JF3IKQE9J63GCH9ELMSI1C1DM59-48930?func=direct&doc_number=000036707&format=999&local_base=GWD01', 0000, '', '', '', ''),
(43254, '200211025', 1, '应用密码学', '杨义先', 'http://opac.gdufs.edu.cn:8991/F/UCMSUGV3V6KDR3XD5V32268JF3IKQE9J63GCH9ELMSI1C1DM59-48933?func=direct&doc_number=000208461&format=999&local_base=GWD01', 0000, '', '', '', ''),
(43255, '200211025', 1, '数据结构', '严蔚敏', 'http://opac.gdufs.edu.cn:8991/F/UCMSUGV3V6KDR3XD5V32268JF3IKQE9J63GCH9ELMSI1C1DM59-48936?func=direct&doc_number=000076695&format=999&local_base=GWD01', 0000, '', '', '', ''),
(43256, '200211025', 1, '数据结构题集', '严蔚敏', 'http://opac.gdufs.edu.cn:8991/F/UCMSUGV3V6KDR3XD5V32268JF3IKQE9J63GCH9ELMSI1C1DM59-48939?func=direct&doc_number=000048798&format=999&local_base=GWD01', 0000, '', '', '', ''),
(43257, '200211025', 1, '面向计算机科学的数理逻辑', '陆钟万', 'http://opac.gdufs.edu.cn:8991/F/UCMSUGV3V6KDR3XD5V32268JF3IKQE9J63GCH9ELMSI1C1DM59-48942?func=direct&doc_number=000080955&format=999&local_base=GWD01', 0000, '', '', '', ''),
(43258, '200211025', 1, '数据结构辅导及考研应试指导', '计算机类教材辅导及考研应试指导委员会', 'http://opac.gdufs.edu.cn:8991/F/UCMSUGV3V6KDR3XD5V32268JF3IKQE9J63GCH9ELMSI1C1DM59-48945?func=direct&doc_number=000105029&format=999&local_base=GWD01', 0000, '', '', '', ''),
(43259, '200211025', 1, '数据结构题集', '严蔚敏', 'http://opac.gdufs.edu.cn:8991/F/UCMSUGV3V6KDR3XD5V32268JF3IKQE9J63GCH9ELMSI1C1DM59-48948?func=direct&doc_number=000048798&format=999&local_base=GWD01', 0000, '', '', '', ''),
(43260, '200211025', 1, '数据结构', '严蔚敏', 'http://opac.gdufs.edu.cn:8991/F/UCMSUGV3V6KDR3XD5V32268JF3IKQE9J63GCH9ELMSI1C1DM59-48951?func=direct&doc_number=000076695&format=999&local_base=GWD01', 0000, '', '', '', ''),
(43261, '200211025', 1, '数据挖掘', 'Han', 'http://opac.gdufs.edu.cn:8991/F/UCMSUGV3V6KDR3XD5V32268JF3IKQE9J63GCH9ELMSI1C1DM59-48954?func=direct&doc_number=000076668&format=999&local_base=GWD01', 0000, '', '', '', ''),
(43262, '200211025', 1, '数据结构C++语言描述', '福特', 'http://opac.gdufs.edu.cn:8991/F/UCMSUGV3V6KDR3XD5V32268JF3IKQE9J63GCH9ELMSI1C1DM59-48957?func=direct&doc_number=000067344&format=999&local_base=GWD01', 0000, '', '', '', ''),
(43263, '200211025', 1, '数据库系统基础教程', '厄尔曼', 'http://opac.gdufs.edu.cn:8991/F/UCMSUGV3V6KDR3XD5V32268JF3IKQE9J63GCH9ELMSI1C1DM59-48960?func=direct&doc_number=000067343&format=999&local_base=GWD01', 0000, '', '', '', ''),
(43264, '200211025', 1, '全国硕士研究生入学英语考试精讲精练', '袁锡兴', 'http://opac.gdufs.edu.cn:8991/F/UCMSUGV3V6KDR3XD5V32268JF3IKQE9J63GCH9ELMSI1C1DM59-48963?func=direct&doc_number=000180046&format=999&local_base=GWD01', 0000, '', '', '', ''),
(43265, '200211025', 1, '在职攻读硕士学位全国联考英语考试写译专项突破', '白洁', 'http://opac.gdufs.edu.cn:8991/F/UCMSUGV3V6KDR3XD5V32268JF3IKQE9J63GCH9ELMSI1C1DM59-48966?func=direct&doc_number=000176960&format=999&local_base=GWD01', 0000, '', '', '', ''),
(43266, '200211025', 1, '数据结构与算法', '许卓群', 'http://opac.gdufs.edu.cn:8991/F/UCMSUGV3V6KDR3XD5V32268JF3IKQE9J63GCH9ELMSI1C1DM59-48969?func=direct&doc_number=000122918&format=999&local_base=GWD01', 0000, '', '', '', ''),
(43267, '200211025', 1, '数据结构课程实验', '徐孝凯', 'http://opac.gdufs.edu.cn:8991/F/UCMSUGV3V6KDR3XD5V32268JF3IKQE9J63GCH9ELMSI1C1DM59-48972?func=direct&doc_number=000116525&format=999&local_base=GWD01', 0000, '', '', '', ''),
(43268, '200211025', 1, '数据结构习题与解析', '李春葆', 'http://opac.gdufs.edu.cn:8991/F/UCMSUGV3V6KDR3XD5V32268JF3IKQE9J63GCH9ELMSI1C1DM59-48975?func=direct&doc_number=000067354&format=999&local_base=GWD01', 0000, '', '', '', ''),
(43269, '200211025', 1, '英语应试教程', '何福胜', 'http://opac.gdufs.edu.cn:8991/F/UCMSUGV3V6KDR3XD5V32268JF3IKQE9J63GCH9ELMSI1C1DM59-48978?func=direct&doc_number=000178516&format=999&local_base=GWD01', 0000, '', '', '', ''),
(43270, '200211025', 1, '全国硕士研究生入学英语考试精讲精练', '袁锡兴', 'http://opac.gdufs.edu.cn:8991/F/UCMSUGV3V6KDR3XD5V32268JF3IKQE9J63GCH9ELMSI1C1DM59-48981?func=direct&doc_number=000180046&format=999&local_base=GWD01', 0000, '', '', '', ''),
(43271, '200211025', 1, '在职攻读硕士学位全国联考英语考试写译专项突破', '白洁', 'http://opac.gdufs.edu.cn:8991/F/UCMSUGV3V6KDR3XD5V32268JF3IKQE9J63GCH9ELMSI1C1DM59-48984?func=direct&doc_number=000176960&format=999&local_base=GWD01', 0000, '', '', '', ''),
(43272, '200211025', 1, '计算机密码学', '卢开澄', 'http://opac.gdufs.edu.cn:8991/F/UCMSUGV3V6KDR3XD5V32268JF3IKQE9J63GCH9ELMSI1C1DM59-48987?func=direct&doc_number=000058122&format=999&local_base=GWD01', 0000, '', '', '', ''),
(43273, '200211025', 1, '全国硕士研究生入学英语考试精讲精练', '胡友珍', 'http://opac.gdufs.edu.cn:8991/F/UCMSUGV3V6KDR3XD5V32268JF3IKQE9J63GCH9ELMSI1C1DM59-48990?func=direct&doc_number=000180081&format=999&local_base=GWD01', 0000, '', '', '', ''),
(43274, '200211025', 1, '博士研究生入学英语考试指导丛书', '彭漪', 'http://opac.gdufs.edu.cn:8991/F/UCMSUGV3V6KDR3XD5V32268JF3IKQE9J63GCH9ELMSI1C1DM59-48993?func=direct&doc_number=000175859&format=999&local_base=GWD01', 0000, '', '', '', ''),
(43275, '200211025', 1, '博士研究生入学英语考试指导丛书', '马磊', 'http://opac.gdufs.edu.cn:8991/F/UCMSUGV3V6KDR3XD5V32268JF3IKQE9J63GCH9ELMSI1C1DM59-48996?func=direct&doc_number=000178768&format=999&local_base=GWD01', 0000, '', '', '', ''),
(43276, '200211025', 1, '博士研究生入学英语考试指导丛书', '罗立胜', 'http://opac.gdufs.edu.cn:8991/F/UCMSUGV3V6KDR3XD5V32268JF3IKQE9J63GCH9ELMSI1C1DM59-48999?func=direct&doc_number=000176396&format=999&local_base=GWD01', 0000, '', '', '', ''),
(43277, '200211025', 1, '考博英语实战指导', '李靖', 'http://opac.gdufs.edu.cn:8991/F/UCMSUGV3V6KDR3XD5V32268JF3IKQE9J63GCH9ELMSI1C1DM59-49002?func=direct&doc_number=000174584&format=999&local_base=GWD01', 0000, '', '', '', ''),
(43278, '200211025', 1, '职称英语2003·理工类', '人事部人事考试中心', 'http://opac.gdufs.edu.cn:8991/F/UCMSUGV3V6KDR3XD5V32268JF3IKQE9J63GCH9ELMSI1C1DM59-49005?func=direct&doc_number=000178189&format=999&local_base=GWD01', 0000, '', '', '', ''),
(43279, '200211025', 1, '数据结构', '黄国瑜', 'http://opac.gdufs.edu.cn:8991/F/UCMSUGV3V6KDR3XD5V32268JF3IKQE9J63GCH9ELMSI1C1DM59-49008?func=direct&doc_number=000124048&format=999&local_base=GWD01', 0000, '', '', '', ''),
(43280, '200211025', 1, '博士研究生英语入学考试纲要', '陈纪梁', 'http://opac.gdufs.edu.cn:8991/F/UCMSUGV3V6KDR3XD5V32268JF3IKQE9J63GCH9ELMSI1C1DM59-49011?func=direct&doc_number=000178741&format=999&local_base=GWD01', 0000, '', '', '', ''),
(43281, '200211025', 1, '轻松 Java', '范德林登,P·', 'http://opac.gdufs.edu.cn:8991/F/UCMSUGV3V6KDR3XD5V32268JF3IKQE9J63GCH9ELMSI1C1DM59-49014?func=direct&doc_number=000038169&format=999&local_base=GWD01', 0000, '', '', '', ''),
(43282, '200211025', 1, 'Java从入门到精通', 'Laurence Vanhelsuwe', 'http://opac.gdufs.edu.cn:8991/F/UCMSUGV3V6KDR3XD5V32268JF3IKQE9J63GCH9ELMSI1C1DM59-49017?func=direct&doc_number=000154417&format=999&local_base=GWD01', 0000, '', '', '', ''),
(43283, '200211025', 1, '数据挖掘', 'Han', 'http://opac.gdufs.edu.cn:8991/F/UCMSUGV3V6KDR3XD5V32268JF3IKQE9J63GCH9ELMSI1C1DM59-49020?func=direct&doc_number=000076668&format=999&local_base=GWD01', 0000, '', '', '', ''),
(43284, '200211025', 1, '硕士、博士研究生英语词汇', '曹元寿', 'http://opac.gdufs.edu.cn:8991/F/UCMSUGV3V6KDR3XD5V32268JF3IKQE9J63GCH9ELMSI1C1DM59-49023?func=direct&doc_number=000171235&format=999&local_base=GWD01', 0000, '', '', '', ''),
(43285, '200211025', 1, '考研英语分项复习指南', '张沛', 'http://opac.gdufs.edu.cn:8991/F/UCMSUGV3V6KDR3XD5V32268JF3IKQE9J63GCH9ELMSI1C1DM59-49026?func=direct&doc_number=000178828&format=999&local_base=GWD01', 0000, '', '', '', ''),
(43286, '200211025', 1, '管理信息系统实训演练实验教程', '彭志忠', 'http://opac.gdufs.edu.cn:8991/F/UCMSUGV3V6KDR3XD5V32268JF3IKQE9J63GCH9ELMSI1C1DM59-49029?func=direct&doc_number=000114866&format=999&local_base=GWD01', 0000, '', '', '', ''),
(43287, '200211025', 1, '图解管理信息系统', '佐佐木宏', 'http://opac.gdufs.edu.cn:8991/F/UCMSUGV3V6KDR3XD5V32268JF3IKQE9J63GCH9ELMSI1C1DM59-49032?func=direct&doc_number=000084300&format=999&local_base=GWD01', 0000, '', '', '', ''),
(43288, '200211025', 1, '《管理信息系统》实验指导书', '张金城', 'http://opac.gdufs.edu.cn:8991/F/UCMSUGV3V6KDR3XD5V32268JF3IKQE9J63GCH9ELMSI1C1DM59-49035?func=direct&doc_number=000094812&format=999&local_base=GWD01', 0000, '', '', '', ''),
(43289, '200211025', 1, '大学英语六级阅读精解50篇', '王家庆', 'http://opac.gdufs.edu.cn:8991/F/UCMSUGV3V6KDR3XD5V32268JF3IKQE9J63GCH9ELMSI1C1DM59-49038?func=direct&doc_number=000175512&format=999&local_base=GWD01', 0000, '', '', '', ''),
(49190, '20111003632', 1, '深入PHP', '赞德斯彻', 'http://opac.gdufs.edu.cn:8991/F/VQN7S95CVSFS4CYXFNPNKQ9VFCGIEPL1BCGK4QX3JV1YQFHQQN-32321?func=direct&doc_number=000412473&format=999&local_base=GWD01', 0000, '', '', '', ''),
(49191, '20111003632', 1, 'JavaScript实例自学手册', '吴雪', 'http://opac.gdufs.edu.cn:8991/F/VQN7S95CVSFS4CYXFNPNKQ9VFCGIEPL1BCGK4QX3JV1YQFHQQN-32324?func=direct&doc_number=000283030&format=999&local_base=GWD01', 0000, '', '', '', ''),
(49192, '20111003632', 1, 'C++程序设计与应用', '周仲宁', 'http://opac.gdufs.edu.cn:8991/F/VQN7S95CVSFS4CYXFNPNKQ9VFCGIEPL1BCGK4QX3JV1YQFHQQN-32327?func=direct&doc_number=000361895&format=999&local_base=GWD01', 0000, '', '', '', ''),
(49193, '20111003632', 1, '正则表达式必知必会', '福尔塔', 'http://opac.gdufs.edu.cn:8991/F/VQN7S95CVSFS4CYXFNPNKQ9VFCGIEPL1BCGK4QX3JV1YQFHQQN-32330?func=direct&doc_number=000289121&format=999&local_base=GWD01', 0000, '', '', '', ''),
(49194, '20111003632', 1, '深入PHP', '赞德斯彻', 'http://opac.gdufs.edu.cn:8991/F/VQN7S95CVSFS4CYXFNPNKQ9VFCGIEPL1BCGK4QX3JV1YQFHQQN-32333?func=direct&doc_number=000412473&format=999&local_base=GWD01', 0000, '', '', '', ''),
(49195, '20111003632', 1, 'PHP设计模式', '萨莱', 'http://opac.gdufs.edu.cn:8991/F/VQN7S95CVSFS4CYXFNPNKQ9VFCGIEPL1BCGK4QX3JV1YQFHQQN-32336?func=direct&doc_number=000408695&format=999&local_base=GWD01', 0000, '', '', '', ''),
(49196, '20111003632', 1, 'PHP深度分析', '沙菲克', 'http://opac.gdufs.edu.cn:8991/F/VQN7S95CVSFS4CYXFNPNKQ9VFCGIEPL1BCGK4QX3JV1YQFHQQN-32339?func=direct&doc_number=000432649&format=999&local_base=GWD01', 0000, '', '', '', ''),
(49197, '20111003632', 1, 'PHP Web 2.0开发实战', '泽瓦斯', 'http://opac.gdufs.edu.cn:8991/F/VQN7S95CVSFS4CYXFNPNKQ9VFCGIEPL1BCGK4QX3JV1YQFHQQN-32342?func=direct&doc_number=000355807&format=999&local_base=GWD01', 0000, '', '', '', ''),
(49198, '20111003632', 1, 'JavaScript精彩网页特效实例精粹', '张涛', 'http://opac.gdufs.edu.cn:8991/F/VQN7S95CVSFS4CYXFNPNKQ9VFCGIEPL1BCGK4QX3JV1YQFHQQN-32345?func=direct&doc_number=000276011&format=999&local_base=GWD01', 0000, '', '', '', ''),
(49199, '20111003632', 1, 'PHP+Ajax Web 2.0编程技术与项目开发大全', '叶新伟', 'http://opac.gdufs.edu.cn:8991/F/VQN7S95CVSFS4CYXFNPNKQ9VFCGIEPL1BCGK4QX3JV1YQFHQQN-32348?func=direct&doc_number=000304626&format=999&local_base=GWD01', 0000, '', '', '', ''),
(49200, '20111003632', 1, 'JavaScript网页特效范例宝典', '明日科技', 'http://opac.gdufs.edu.cn:8991/F/VQN7S95CVSFS4CYXFNPNKQ9VFCGIEPL1BCGK4QX3JV1YQFHQQN-32351?func=direct&doc_number=000275777&format=999&local_base=GWD01', 0000, '', '', '', ''),
(49201, '20111003632', 1, '电子技术基础', '康华光,', 'http://opac.gdufs.edu.cn:8991/F/VQN7S95CVSFS4CYXFNPNKQ9VFCGIEPL1BCGK4QX3JV1YQFHQQN-32354?func=direct&doc_number=000115316&format=999&local_base=GWD01', 0000, '', '', '', ''),
(49202, '20111003632', 1, '电子电路基础', '刘宝玲', 'http://opac.gdufs.edu.cn:8991/F/VQN7S95CVSFS4CYXFNPNKQ9VFCGIEPL1BCGK4QX3JV1YQFHQQN-32357?func=direct&doc_number=000275528&format=999&local_base=GWD01', 0000, '', '', '', ''),
(49203, '20111003632', 1, 'PHP Web 2.0开发实战', '泽瓦斯', 'http://opac.gdufs.edu.cn:8991/F/VQN7S95CVSFS4CYXFNPNKQ9VFCGIEPL1BCGK4QX3JV1YQFHQQN-32360?func=direct&doc_number=000355807&format=999&local_base=GWD01', 0000, '', '', '', ''),
(49204, '20111003632', 1, '精通SQL', '高守传', 'http://opac.gdufs.edu.cn:8991/F/VQN7S95CVSFS4CYXFNPNKQ9VFCGIEPL1BCGK4QX3JV1YQFHQQN-32363?func=direct&doc_number=000276254&format=999&local_base=GWD01', 0000, '', '', '', ''),
(49205, '20111003632', 1, '数据结构课程设计案例精编', '李建学', 'http://opac.gdufs.edu.cn:8991/F/VQN7S95CVSFS4CYXFNPNKQ9VFCGIEPL1BCGK4QX3JV1YQFHQQN-32366?func=direct&doc_number=000311230&format=999&local_base=GWD01', 0000, '', '', '', ''),
(49206, '20111003632', 1, '对联入门', '谷向阳,', 'http://opac.gdufs.edu.cn:8991/F/VQN7S95CVSFS4CYXFNPNKQ9VFCGIEPL1BCGK4QX3JV1YQFHQQN-32369?func=direct&doc_number=000262728&format=999&local_base=GWD01', 0000, '', '', '', ''),
(49207, '20111003632', 1, '出现频率最高的100种典型题型精解精练', '余雪勇', 'http://opac.gdufs.edu.cn:8991/F/VQN7S95CVSFS4CYXFNPNKQ9VFCGIEPL1BCGK4QX3JV1YQFHQQN-32372?func=direct&doc_number=000305472&format=999&local_base=GWD01', 0000, '', '', '', ''),
(49208, '20111003632', 1, 'C++习题与解答', '李代平', 'http://opac.gdufs.edu.cn:8991/F/VQN7S95CVSFS4CYXFNPNKQ9VFCGIEPL1BCGK4QX3JV1YQFHQQN-32375?func=direct&doc_number=000332982&format=999&local_base=GWD01', 0000, '', '', '', ''),
(49209, '20111003632', 1, 'C++程序设计教程实验指导及习题解答', '刘慧宁', 'http://opac.gdufs.edu.cn:8991/F/VQN7S95CVSFS4CYXFNPNKQ9VFCGIEPL1BCGK4QX3JV1YQFHQQN-32378?func=direct&doc_number=000361894&format=999&local_base=GWD01', 0000, '', '', '', '');

-- --------------------------------------------------------

--
-- 表的结构 `gw_loan`
--

CREATE TABLE IF NOT EXISTS `gw_loan` (
  `id` char(20) COLLATE utf8_unicode_ci NOT NULL COMMENT '从checkbox里面拿的name',
  `schoolId` int(11) NOT NULL,
  `studentNumber` char(20) COLLATE utf8_unicode_ci NOT NULL COMMENT '学号',
  `title` varchar(200) COLLATE utf8_unicode_ci NOT NULL COMMENT '书名',
  `author` varchar(200) COLLATE utf8_unicode_ci NOT NULL,
  `url` varchar(200) COLLATE utf8_unicode_ci NOT NULL COMMENT '对应书的链接',
  `publishYear` year(4) NOT NULL COMMENT '出版年',
  `returnDate` char(10) COLLATE utf8_unicode_ci NOT NULL COMMENT '归还日期',
  `payment` char(10) COLLATE utf8_unicode_ci NOT NULL COMMENT '欠了多少钱',
  `location` char(100) COLLATE utf8_unicode_ci NOT NULL COMMENT '位于哪个分馆',
  `callNumber` char(100) COLLATE utf8_unicode_ci NOT NULL COMMENT '索书号',
  PRIMARY KEY (`id`)
) ENGINE=InnoDB DEFAULT CHARSET=utf8 COLLATE=utf8_unicode_ci;

--
-- 转存表中的数据 `gw_loan`
--

INSERT INTO `gw_loan` (`id`, `schoolId`, `studentNumber`, `title`, `author`, `url`, `publishYear`, `returnDate`, `payment`, `location`, `callNumber`) VALUES
('c000176609000020', 1, '20111003632', '高等学校英语专业全程通用词汇表', '《高等学校英语专业英语教学大纲》词汇表工作组', 'http://opac.gdufs.edu.cn:8991/F/QHQPD7TF2K8TTA9TF7JJIRV1GSPH16EFAY5FIBYXXTI8BVLGYQ-73539?func=direct&doc_number=000176609&format=999&local_base=GWD01', 0000, '20130917', '', '', ''),
('c000320687000040', 1, '20111003632', '英语词汇宝典', '尤克强', 'http://opac.gdufs.edu.cn:8991/F/QHQPD7TF2K8TTA9TF7JJIRV1GSPH16EFAY5FIBYXXTI8BVLGYQ-73533?func=direct&doc_number=000223988&format=999&local_base=GWD01', 0000, '20130917', '', '', ''),
('c000464878000070', 1, '20111003623', '精通Java网络编程', '汪晓平', 'http://opac.gdufs.edu.cn:8991/F/Q291M4QP9VGNE2YRFYSTMSIFCDL825M95RA56R5EDX6K8GSD65-58549?func=direct&doc_number=000356553&format=999&local_base=GWD01', 2009, '20131008', '', '南校区中文书外借分馆', 'TP312JA/W169.6'),
('c000511709000070', 1, '20111003632', '口笔译高频词汇词典', '王斌华', 'http://opac.gdufs.edu.cn:8991/F/QHQPD7TF2K8TTA9TF7JJIRV1GSPH16EFAY5FIBYXXTI8BVLGYQ-73536?func=direct&doc_number=000395358&format=999&local_base=GWD01', 0000, '20130917', '', '', ''),
('c000533242000020', 1, '20111003625', 'Visual C++2010开发权威指南', '尹成', 'http://opac.gdufs.edu.cn:8991/F/YRE8FCLAL62QNKBTA4TYVGUYGQSNY74J6KLLMHLYEECNMY7LKH-00500?func=direct&doc_number=000413673&format=999&local_base=GWD01', 2010, '20130917', '', '南校区中文书外借分馆', 'TP312C/Y451.0'),
('c000549845000020', 1, '20111003653', '软件工程', '陈明', 'http://opac.gdufs.edu.cn:8991/F/Q3DAAYV4L2R8QFVHJP116QS28UQ6K6GNXIN2XED4JH9UCT6N2X-68923?func=direct&doc_number=000425331&format=999&local_base=GWD01', 2011, '20130917', '', '南校区中文书外借分馆', 'TP311.5/C325.50-2'),
('c000626842000040', 1, '20101003608', '文学回忆录', '木心,', 'http://opac.gdufs.edu.cn:8991/F/J3AE2FNIXFJSIRUII6XKIPRUMAXLGLJVRGRBEAJTA2D681H53F-23857?func=direct&doc_number=000491889&format=999&local_base=GWD01', 2013, '20130917', '', '南校区中文书外借分馆', 'I109/M890/2');

-- --------------------------------------------------------

--
-- 表的结构 `gw_school`
--

CREATE TABLE IF NOT EXISTS `gw_school` (
  `id` int(11) NOT NULL AUTO_INCREMENT COMMENT '学校的Id',
  `schoolName` varchar(200) COLLATE utf8_unicode_ci NOT NULL COMMENT '学校的名称',
  `fileName` varchar(30) COLLATE utf8_unicode_ci DEFAULT NULL COMMENT '爬去对应学校的文件名',
  PRIMARY KEY (`id`)
) ENGINE=InnoDB  DEFAULT CHARSET=utf8 COLLATE=utf8_unicode_ci AUTO_INCREMENT=3 ;

--
-- 转存表中的数据 `gw_school`
--

INSERT INTO `gw_school` (`id`, `schoolName`, `fileName`) VALUES
(1, '广东外语外贸大学', 'LibGw'),
(2, '华南理工大学', 'LibHg');

-- --------------------------------------------------------

--
-- 表的结构 `gw_user`
--

CREATE TABLE IF NOT EXISTS `gw_user` (
  `studentNumber` char(15) COLLATE utf8_unicode_ci NOT NULL COMMENT '学号',
  `username` varchar(20) COLLATE utf8_unicode_ci DEFAULT NULL,
  `schoolId` int(11) NOT NULL COMMENT '学校的id',
  `academy` varchar(100) COLLATE utf8_unicode_ci DEFAULT NULL,
  `major` varchar(100) COLLATE utf8_unicode_ci DEFAULT NULL,
  `email` varchar(100) COLLATE utf8_unicode_ci DEFAULT NULL,
  PRIMARY KEY (`studentNumber`)
) ENGINE=InnoDB DEFAULT CHARSET=utf8 COLLATE=utf8_unicode_ci;

--
-- 转存表中的数据 `gw_user`
--

INSERT INTO `gw_user` (`studentNumber`, `username`, `schoolId`, `academy`, `major`, `email`) VALUES
('200211025', NULL, 1, NULL, NULL, NULL),
('20101003608', '林原智', 1, '思科信息学院', '计算机1004', NULL),
('20101003852', '陈奋', 1, '思科信息学院', '信息1001', NULL),
('20110200959', '罗双茂', 1, '国际经济贸易学院', '保险1102', NULL),
('20111003426', '洪栩栩', 1, '思科信息学院', '计算机1101', NULL),
('20111003443', '汪洁文', 1, '思科信息学院', '计算机1101', NULL),
('20111003623', '陈勇校', 1, '思科信息学院', '软件1101', NULL),
('20111003625', '陆德华', 1, '思科信息学院', '软件1101', NULL),
('20111003632', '尹川东', 1, '思科信息学院', '软件1101', NULL),
('20111003636', '罗可林', 1, '思科信息学院', '软件1101', NULL),
('20111003653', '袁云', 1, '思科信息学院', '软件1101', NULL),
('D1130581400', NULL, 2, NULL, NULL, NULL);

/*!40101 SET CHARACTER_SET_CLIENT=@OLD_CHARACTER_SET_CLIENT */;
/*!40101 SET CHARACTER_SET_RESULTS=@OLD_CHARACTER_SET_RESULTS */;
/*!40101 SET COLLATION_CONNECTION=@OLD_COLLATION_CONNECTION */;
